Date,Oil_Close,Oil_Open,Oil_High,Oil_Low
1/5/2024,79.44,81.72,81.92,79.17
30/4/2024,81.69,82.97,83.67,81.32
29/4/2024,82.98,83.61,84.31,82.77
28/4/2024,83.61,84,84.02,83.6
26/4/2024,84.14,84.22,84.91,83.8
25/4/2024,84.2,83.11,84.29,82.46
24/4/2024,83.16,83.91,84.16,82.91
23/4/2024,83.92,82.61,84.02,81.37
22/4/2024,82.58,82.42,82.78,81.22
21/4/2024,82.44,82.34,82.61,82.34
19/4/2024,82.69,82.62,86.19,81.72
18/4/2024,82.59,82.84,83.42,81.64
17/4/2024,82.86,85.53,85.58,82.61
16/4/2024,85.53,85.89,86.23,84.86
15/4/2024,85.86,85.7,86.08,84.16
14/4/2024,85.69,86.12,86.12,85.32
12/4/2024,85.6,85.62,87.77,85.47
11/4/2024,85.61,86.39,86.78,85
10/4/2024,86.41,85.5,86.54,84.73
9/4/2024,85.47,86.83,87.16,85.28
8/4/2024,86.83,86.06,87.3,84.89
7/4/2024,86.08,86.38,86.38,86
5/4/2024,86.96,87.22,87.85,86.56
4/4/2024,87.22,85.84,87.46,84.89
3/4/2024,85.81,85.73,86.45,85.11
2/4/2024,85.75,84.12,85.86,84.12
1/4/2024,84.14,83.47,84.76,82.89
31/3/2024,83.45,83.48,83.62,83.33
28/3/2024,83.44,82.06,83.53,81.83
27/3/2024,82.05,81.61,82.08,80.88
26/3/2024,81.61,82.36,82.67,81.5
25/3/2024,82.38,81.22,82.83,81.08
24/3/2024,81.23,80.95,81.28,80.95
22/3/2024,81.19,81.32,81.83,80.8
21/3/2024,81.34,82,82.31,80.71
20/3/2024,82.03,82.89,83.06,81.25
19/3/2024,82.88,82.66,83.55,82.25
18/3/2024,82.62,81.03,82.94,81
17/3/2024,81.03,81.19,81.19,81.03
15/3/2024,81.03,80.95,81.36,80.48
14/3/2024,80.97,79.78,81.5,79.69
13/3/2024,79.75,78.06,79.94,77.67
12/3/2024,78.06,78.17,78.77,77.42
11/3/2024,78.16,77.88,78.54,76.87
10/3/2024,77.89,77.92,77.95,77.75
8/3/2024,77.93,79.33,80.09,77.66
7/3/2024,79.31,79.16,79.63,78.13
6/3/2024,79.17,78.33,80.78,78.11
5/3/2024,78.34,78.81,79.59,77.64
4/3/2024,78.81,80.09,80.53,78.69
3/3/2024,80.06,80.19,80.47,79.98
1/3/2024,79.96,78.42,81,78.2
29/2/2024,78.41,78.29,79.42,78.1
28/2/2024,78.3,78.56,79.77,77.95
27/2/2024,78.58,77.81,79.13,77.34
26/2/2024,77.81,76.59,78.2,76.03
25/2/2024,76.61,76.67,76.83,76.59
23/2/2024,76.8,78.44,78.58,76.55
22/2/2024,78.45,78.3,79.12,77.44
21/2/2024,78.31,77.45,78.33,76.55
20/2/2024,77.44,78.31,78.77,77.06
19/2/2024,78.33,78.06,78.78,77.86
16/2/2024,78.47,77.91,78.76,76.94
15/2/2024,77.89,76.5,78.33,75.78
14/2/2024,76.5,77.66,78.7,76.38
13/2/2024,77.67,76.92,78.44,76.84
12/2/2024,76.94,76.41,77.05,75.5
11/2/2024,76.39,76.53,76.53,76.14
9/2/2024,76.55,76.38,77.22,75.89
8/2/2024,76.39,73.92,76.53,73.52
7/2/2024,73.92,73.38,74.14,73.17
6/2/2024,73.36,72.62,73.72,72.32
5/2/2024,72.6,72.7,73.2,71.34
4/2/2024,72.7,72.63,72.9,72.63
2/2/2024,72.28,74.17,74.41,71.75
1/2/2024,74.17,75.78,76.85,73.62
31/1/2024,75.78,77.72,78,75.47
30/1/2024,77.7,76.92,78.03,75.77
29/1/2024,76.92,78.78,78.81,76.33
28/1/2024,78.77,78.67,79.17,78.64
26/1/2024,78.05,76.99,78.13,75.95
25/1/2024,77,75.31,77.37,75.05
24/1/2024,75.3,74.34,75.71,73.86
23/1/2024,74.33,74.5,75.11,73.28
22/1/2024,74.5,73.06,75.32,72.44
21/1/2024,73.05,73.39,73.39,72.97
19/1/2024,73.3,73.69,74.47,72.87
18/1/2024,73.69,72.67,74.05,72
17/1/2024,72.67,71.89,72.7,70.48
16/1/2024,71.88,72.64,73.5,71.72
15/1/2024,72.62,72.53,72.92,71.2
14/1/2024,72.53,72.53,72.58,72.03
12/1/2024,72.75,73.36,75.19,72.36
11/1/2024,73.34,71.22,73.73,71.12
10/1/2024,71.2,72.11,73.5,70.95
9/1/2024,72.11,70.67,72.86,70.42
8/1/2024,70.69,73.7,73.78,70.07
7/1/2024,73.69,73.62,73.88,73.58
5/1/2024,73.87,72.22,74.14,72.14
4/1/2024,72.22,72.95,73.89,71
3/1/2024,72.97,70.42,73.13,69.19
2/1/2024,70.41,71.86,73.53,69.97
1/1/2024,71.86,71.58,72.09,71.58
29/12/2023,71.24,71.94,72.5,71.14
28/12/2023,71.92,73.91,74.28,71.6
27/12/2023,73.92,75.14,75.52,73.65
26/12/2023,75.12,73.65,76.04,73.02
25/12/2023,73.66,73.35,73.8,73.33
22/12/2023,73.3,73.69,74.83,73.23
21/12/2023,73.69,73.47,74.42,72.36
20/12/2023,73.47,73.95,75.2,73.36
19/12/2023,73.97,72.61,74.23,72.02
18/12/2023,72.62,72.34,74.44,70.83
17/12/2023,72.35,71.89,72.36,71.89
15/12/2023,71.95,71.72,72.38,70.48
14/12/2023,71.72,70,72.54,69.66
13/12/2023,70,68.78,70.03,67.81
12/12/2023,68.78,71.48,72.02,68.3
11/12/2023,71.47,71.31,71.89,70.44
10/12/2023,71.33,71.11,71.33,71
8/12/2023,71.36,69.88,71.72,69.61
7/12/2023,69.89,69.61,70.58,68.91
6/12/2023,69.61,72.23,72.72,69.22
5/12/2023,72.25,73.42,74.22,72.16
4/12/2023,73.42,74.97,74.97,72.78
3/12/2023,74.95,74.8,75.17,74.52
1/12/2023,74.56,75.84,76.92,74.11
30/11/2023,75.83,77.89,79.77,75.26
29/11/2023,77.88,76.86,78.28,75.89
28/11/2023,76.86,75.42,77.2,74.86
27/11/2023,75.39,75.89,76.36,74.26
26/11/2023,75.91,75.42,75.92,75.42
24/11/2023,75.41,76.58,77.3,75.33
23/11/2023,76.58,76.92,77.06,75.56
22/11/2023,76.94,77.94,78.22,74.06
21/11/2023,77.92,77.88,78.19,77.19
20/11/2023,77.89,76.53,78.74,76.19
19/11/2023,76.53,76.02,76.56,75.81
17/11/2023,76.4,73.55,76.48,73.2
16/11/2023,73.53,76.81,77.1,72.67
15/11/2023,76.81,78.39,79.02,76.78
14/11/2023,78.39,78.79,80,78.09
13/11/2023,78.8,77.18,78.9,76.47
12/11/2023,77.19,77.41,77.55,77.11
10/11/2023,77.6,75.89,78.09,75.67
9/11/2023,75.88,75.92,77.5,75.61
8/11/2023,75.92,77.5,77.95,75.39
7/11/2023,77.52,81.39,81.42,77.47
6/11/2023,81.39,81.58,82.75,81.28
5/11/2023,81.58,81.61,81.61,81.19
3/11/2023,81.5,83.2,84.25,80.75
2/11/2023,83.19,81.56,83.49,80.89
1/11/2023,81.56,82.03,84.12,81
31/10/2023,82.05,83.39,84.11,81.48
30/10/2023,83.39,85.36,85.78,82.61
29/10/2023,85.36,85.58,85.62,84.59
27/10/2023,86.12,84.55,86.82,84.01
26/10/2023,84.56,86.16,86.56,83.5
25/10/2023,86.17,84.66,86.56,83.08
24/10/2023,84.67,87.19,87.33,83.98
23/10/2023,87.17,88.86,89.34,86.45
22/10/2023,88.84,89.1,89.36,88.72
20/10/2023,89.6,90.45,91.09,88.8
19/10/2023,90.44,88.36,90.82,86.72
18/10/2023,88.38,88.27,89.88,87.55
17/10/2023,88.3,86.75,88.31,85.69
16/10/2023,86.77,87.64,88.31,86.37
15/10/2023,87.62,87.72,88.03,87.17
13/10/2023,87.86,83.67,87.98,83.53
12/10/2023,83.62,83.3,85.36,82.48
11/10/2023,83.31,86.17,86.7,83.31
10/10/2023,86.17,86.64,86.94,85.36
9/10/2023,86.62,86.02,87.47,85.11
8/10/2023,85.98,85.05,86.69,84.94
6/10/2023,83.09,83.06,83.55,81.81
5/10/2023,83.11,84.58,85.22,82.45
4/10/2023,84.62,89.72,89.92,84.5
3/10/2023,89.72,88.92,90.62,88.12
2/10/2023,88.94,91.53,92.27,88.75
1/10/2023,91.5,91.28,91.61,91.27
29/9/2023,91.19,92.12,93.53,90.81
28/9/2023,92.17,94.36,95.52,91.89
27/9/2023,94.33,91.08,94.64,91.08
26/9/2023,91.06,90.27,91.23,88.7
25/9/2023,90.23,91.11,91.36,89.56
24/9/2023,91.16,91.02,91.17,90.72
22/9/2023,90.93,90.33,91.91,89.91
21/9/2023,90.32,89.77,91.59,88.98
20/9/2023,89.81,91.33,91.68,89.59
19/9/2023,91.33,91.72,93.08,90.99
18/9/2023,91.73,90.82,92.05,90.58
17/9/2023,90.84,91.06,91.06,90.72
15/9/2023,91.15,90.67,91.3,89.38
14/9/2023,90.67,88.81,90.95,88.78
13/9/2023,88.8,88.94,89.75,88.42
12/9/2023,88.94,87.44,89.49,87.34
11/9/2023,87.42,87.12,88.3,86.86
10/9/2023,87.11,87.53,87.53,87.06
8/9/2023,87.42,86.94,88.14,86.36
7/9/2023,86.92,87.89,87.95,86.61
6/9/2023,87.89,87.03,88.3,86.16
5/9/2023,87.06,86.05,88.27,85.25
4/9/2023,86.05,86.09,86.38,85.53
3/9/2023,86.1,86.26,86.27,85.98
1/9/2023,86.31,83.86,86.32,83.83
31/8/2023,83.89,81.92,83.97,81.78
30/8/2023,81.92,81.69,82.36,81.19
29/8/2023,81.67,80.36,81.78,79.69
28/8/2023,80.39,80.55,81.18,79.94
27/8/2023,80.53,80.42,80.7,80.33
25/8/2023,80.42,79.27,80.8,78.56
24/8/2023,79.3,78.97,79.66,77.97
23/8/2023,79,80.02,80.31,78.02
22/8/2023,80.05,80.5,80.78,79.88
21/8/2023,80.53,81.02,82.17,80.41
20/8/2023,81.03,81.11,81.11,80.88
18/8/2023,81.19,80.05,81.43,79.5
17/8/2023,80.06,79.25,81.08,79.08
16/8/2023,79.25,81.11,81.47,79.19
15/8/2023,81.08,82.42,82.92,80.44
14/8/2023,82.39,82.92,83.19,81.8
13/8/2023,82.92,83.11,83.11,82.77
11/8/2023,83.1,82.89,83.83,82.25
10/8/2023,82.92,84.25,84.92,82.66
9/8/2023,84.27,82.77,84.67,82.7
8/8/2023,82.78,82.42,83.09,79.97
7/8/2023,82.44,82.97,83.28,81.59
6/8/2023,83,82.91,83.33,82.81
4/8/2023,82.66,81.82,83.27,81.57
3/8/2023,81.83,79.81,81.9,78.75
2/8/2023,79.8,82.3,82.47,79.11
1/8/2023,82.3,81.67,82.47,80.68
31/7/2023,81.7,80.47,82.05,80.19
30/7/2023,80.45,80.58,80.69,80.45
28/7/2023,80.73,79.67,80.75,79.14
27/7/2023,79.69,79.06,80.67,79.02
26/7/2023,79.08,79.39,79.82,78.63
25/7/2023,79.36,78.92,79.96,78.36
24/7/2023,78.94,76.64,79.33,76.52
23/7/2023,76.66,77.05,77.05,76.64
21/7/2023,76.87,75.89,77.36,75.78
20/7/2023,75.91,75.25,76.22,74.59
19/7/2023,75.25,75.8,76.94,75.1
18/7/2023,75.81,74.2,75.97,73.92
17/7/2023,74.22,74.89,76.05,73.86
16/7/2023,74.9,75,75.12,74.61
14/7/2023,75.27,77.16,77.2,75.15
13/7/2023,77.15,75.78,77.24,75.31
12/7/2023,75.8,74.72,76.03,74.64
11/7/2023,74.75,73.11,74.9,72.94
10/7/2023,73.08,73.53,74.09,72.72
9/7/2023,73.52,73.78,73.78,73.41
7/7/2023,73.63,71.78,73.84,71.14
6/7/2023,71.78,71.86,72.28,70.17
5/7/2023,71.88,71.02,72.1,70.3
4/7/2023,71,70,71.27,69.83
3/7/2023,70.02,70.33,71.69,69.64
2/7/2023,70.34,70.33,70.36,70.2
30/6/2023,70.37,69.67,70.94,69.48
29/6/2023,69.66,69.23,70.5,68.87
28/6/2023,69.22,67.86,69.64,66.97
27/6/2023,67.84,69.39,70.05,67.41
26/6/2023,69.37,69.86,69.94,68.62
25/6/2023,69.84,69.53,69.97,69.36
23/6/2023,69.41,69.2,69.49,67.25
22/6/2023,69.22,72.34,72.53,68.83
21/6/2023,72.38,70.8,72.58,70.75
20/6/2023,70.81,71.23,72.25,69.65
19/6/2023,71.19,71.33,72.12,70.69
18/6/2023,71.34,71.53,71.58,71.28
16/6/2023,71.49,70.67,71.88,70.05
15/6/2023,70.66,68.53,71.01,68.03
14/6/2023,68.56,69.22,70.5,68.12
13/6/2023,69.2,67.44,69.83,67.17
12/6/2023,67.42,69.97,69.98,66.81
11/6/2023,70,70.19,70.25,69.86
9/6/2023,70.34,70.86,71.78,70.13
8/6/2023,70.86,72.41,73.3,69.09
7/6/2023,72.44,71.72,73.18,71.03
6/6/2023,71.77,71.98,72.34,70.14
5/6/2023,71.97,73.39,73.86,71.75
4/6/2023,73.39,73.78,74.34,73.3
2/6/2023,71.94,70.11,72.19,70.03
1/6/2023,70.11,67.75,71.08,67.55
31/5/2023,67.75,69.54,69.7,67.06
30/5/2023,69.57,72.92,73.39,69.05
29/5/2023,72.89,73.25,73.56,72.08
28/5/2023,73.23,73.19,73.47,73.09
26/5/2023,72.92,71.86,73.08,71.53
25/5/2023,71.88,74.28,74.4,71.06
24/5/2023,74.25,73.89,74.76,73.17
23/5/2023,73.88,72.33,74.02,71.75
22/5/2023,72.36,71.91,72.56,70.72
21/5/2023,71.86,71.92,71.98,71.72
19/5/2023,71.93,72.14,73.56,71.22
18/5/2023,72.14,72.78,73,71.59
17/5/2023,72.77,70.62,73.33,70.11
16/5/2023,70.67,71.42,71.8,70.49
15/5/2023,71.42,70.06,71.69,69.42
14/5/2023,70.06,70.08,70.2,69.97
12/5/2023,70.11,71.33,71.77,69.96
11/5/2023,71.36,72.88,73.52,70.66
10/5/2023,72.89,73.62,73.89,71.83
9/5/2023,73.61,73,73.79,71.39
8/5/2023,73,71.39,73.71,71.06
7/5/2023,71.44,71.38,71.92,71.38
5/5/2023,71.4,68.75,71.82,68.52
4/5/2023,68.77,67.56,69.83,67.54
3/5/2023,67.25,71.62,71.81,64
2/5/2023,71.64,75.61,76.14,71.46
1/5/2023,75.62,76.17,76.31,74.58
30/4/2023,76.12,76.67,76.72,76.09
28/4/2023,76.7,74.84,76.95,73.98
27/4/2023,74.83,74.44,75.31,74.08
26/4/2023,74.45,77.38,77.97,74.09
25/4/2023,77.33,78.7,79.11,76.57
24/4/2023,78.67,77.77,79.21,76.77
23/4/2023,77.78,77.95,77.95,77.67
21/4/2023,77.98,77.17,78.42,76.78
20/4/2023,77.17,78.98,79.06,77.03
19/4/2023,78.94,81,81.3,78.61
18/4/2023,81.03,80.91,81.58,79.98
17/4/2023,80.89,82.53,82.67,80.53
16/4/2023,82.55,82.55,82.67,82.39
14/4/2023,82.65,82.2,83.05,81.73
13/4/2023,82.22,83.03,83.37,82.06
12/4/2023,83.04,81.42,83.47,81.23
11/4/2023,81.41,79.78,81.53,79.33
10/4/2023,79.8,80.77,81.05,79.55
9/4/2023,80.75,80.58,81.14,80.58
6/4/2023,80.36,80.44,80.86,79.56
5/4/2023,80.44,80.84,81.14,79.64
4/4/2023,80.86,80.34,81.67,79.52
3/4/2023,80.36,80.42,80.83,78.89
2/4/2023,80.39,80.67,81.56,79.92
31/3/2023,75.57,74.25,75.58,73.67
30/3/2023,74.25,72.78,74.47,72.5
29/3/2023,72.77,73.62,74.22,72.65
28/3/2023,73.61,72.89,73.79,72.08
27/3/2023,72.88,69.53,72.95,69
26/3/2023,69.55,69.42,69.78,69.42
24/3/2023,69.1,69.38,70.22,66.69
23/3/2023,69.39,69.89,71.5,69.03
22/3/2023,69.92,69.31,71.14,68.73
21/3/2023,69.31,67.48,69.58,66.75
20/3/2023,67.47,66.11,67.72,65.69
17/3/2023,66.36,68.28,69.25,66.36
16/3/2023,68.31,68.16,69.31,65.75
15/3/2023,68.16,71.75,72.5,65.66
14/3/2023,71.77,74.52,74.84,70.75
13/3/2023,74.53,77.03,77.17,72.28
12/3/2023,77.03,76.3,77.41,76.14
10/3/2023,76.57,75.36,77.03,74.7
9/3/2023,75.38,76.47,77.96,75.28
8/3/2023,76.48,77.17,77.64,76.03
7/3/2023,77.16,80.39,80.83,76.97
6/3/2023,80.42,79.3,80.52,78.23
5/3/2023,79.28,79.59,79.64,79.23
3/3/2023,79.75,77.83,79.77,75.73
2/3/2023,77.81,77.5,78.46,77.11
1/3/2023,77.52,76.53,77.69,76
28/2/2023,76.53,75.61,77.67,75.42
27/2/2023,75.6,76.48,76.66,74.86
26/2/2023,76.5,76.3,76.61,76.3
24/2/2023,76.31,75.47,76.45,73.95
23/2/2023,75.47,73.78,75.81,73.72
22/2/2023,73.8,76.03,76.38,73.64
21/2/2023,76.05,77.11,77.44,75.73
20/2/2023,77.11,76.5,77.55,76.14
19/2/2023,76.48,76.52,76.64,76.34
17/2/2023,76.31,77.83,78.28,75.12
16/2/2023,77.84,78.56,79.53,77.78
15/2/2023,78.55,78.78,79.14,77.27
14/2/2023,78.79,79.17,79.58,77.44
13/2/2023,79.19,79.3,80.56,78.41
12/2/2023,79.31,79.81,79.94,79.19
10/2/2023,79.68,77.61,80.25,77.42
9/2/2023,77.61,78.42,78.75,76.47
8/2/2023,78.42,77.44,78.49,77.05
7/2/2023,77.45,74.42,77.54,74.28
6/2/2023,74.44,73.39,74.53,72.18
5/2/2023,73.39,73.16,73.59,73.14
3/2/2023,73.1,75.88,77.89,73.02
2/2/2023,75.86,76.69,77.14,74.87
1/2/2023,76.7,79,79.61,75.94
31/1/2023,79.03,77.83,79.12,76.44
30/1/2023,77.83,80.22,80.31,77.55
29/1/2023,80.2,79.91,80.36,79.75
27/1/2023,79.27,80.98,82.33,78.92
26/1/2023,81,80.39,81.97,79.78
25/1/2023,80.36,80.01,81.04,79.31
24/1/2023,80.02,81.45,82.06,79.5
23/1/2023,81.44,81.08,82.44,80.91
22/1/2023,81.06,81.61,81.72,81
20/1/2023,81.53,80.81,81.71,79.75
19/1/2023,80.83,79.23,81.29,78.28
18/1/2023,79.25,80.75,82.45,79.04
17/1/2023,80.75,78.83,81.3,78.77
16/1/2023,78.84,79.83,79.98,78.62
15/1/2023,79.84,80.25,80.25,79.83
13/1/2023,80.11,78.38,80.14,78
12/1/2023,78.36,77.75,79.18,77.14
11/1/2023,77.73,74.61,77.84,74.33
10/1/2023,74.62,74.75,75.95,73.89
9/1/2023,74.73,74.13,76.75,74.1
8/1/2023,74.14,73.67,74.18,73.67
6/1/2023,73.75,74,75.5,73.31
5/1/2023,74.02,73.42,74.98,72.52
4/1/2023,73.42,77.15,77.44,72.82
3/1/2023,77.14,80.53,81.55,76.7
2/1/2023,80.53,80.59,80.62,80.25
30/12/2022,80.55,78.69,80.66,77.81
29/12/2022,78.67,78.69,78.91,76.89
28/12/2022,78.67,79.83,79.95,77.4
27/12/2022,79.84,81.06,81.26,79.27
26/12/2022,81.06,80.08,81.14,80.08
23/12/2022,79.44,78.56,80.42,78.09
22/12/2022,78.56,78.58,79.98,77.14
21/12/2022,78.59,76.28,78.72,75.92
20/12/2022,76.27,75.98,77.04,74.58
19/12/2022,76,75.23,76.74,74.14
18/12/2022,75.22,74.58,75.25,74.5
16/12/2022,74.73,76.38,76.7,73.55
15/12/2022,76.4,77.42,77.95,75.56
14/12/2022,77.44,75.36,77.89,75.09
13/12/2022,75.36,73.59,76.53,73.39
12/12/2022,73.61,72.08,74.17,70.44
11/12/2022,72.08,71.97,72.51,71.83
9/12/2022,71.75,72.31,73.16,70.37
8/12/2022,72.33,72.84,75.7,71.42
7/12/2022,72.86,74.78,75.69,72.07
6/12/2022,74.78,77.75,78.22,73.76
5/12/2022,77.74,81.55,83.11,77.16
4/12/2022,81.53,80.62,81.67,80.28
2/12/2022,80.76,81.78,82.67,80.12
1/12/2022,81.8,81.03,83.83,80.42
30/11/2022,81.05,79.25,81.86,78.91
29/11/2022,79.24,77.03,80.09,76.81
28/11/2022,77.05,76.58,78.37,74.11
27/11/2022,76.59,76.94,77.02,76.38
25/11/2022,77.15,78.58,80.52,76.83
24/11/2022,78.56,78.16,78.83,77.53
23/11/2022,78.14,82,82.64,77.5
22/11/2022,82,81.03,83.08,80.56
21/11/2022,81.06,80.92,81.19,75.97
20/11/2022,80.92,80.99,81.17,80.89
18/11/2022,81.06,83.02,83.25,78.39
17/11/2022,82.71,85.66,85.72,82.03
16/11/2022,85.58,87.56,87.81,84.58
15/11/2022,87.55,85.58,88.97,84.47
14/11/2022,85.57,89.98,90.11,85.47
13/11/2022,90,89.2,90.06,89.02
11/11/2022,89.23,86.72,90.46,86.69
10/11/2022,86.69,86.17,87.7,85.11
9/11/2022,86.19,89.48,89.53,85.92
8/11/2022,89.5,92.39,92.64,88.86
7/11/2022,92.39,91.19,94.27,91.17
6/11/2022,91.19,91.53,91.55,90.97
4/11/2022,93.2,88.61,93.46,88.44
3/11/2022,88.62,89.59,90.3,88.24
2/11/2022,89.61,89.34,91,88.44
1/11/2022,89.36,86.81,90.12,86.59
31/10/2022,86.88,89.11,89.28,86.01
30/10/2022,89.11,89.14,89.22,88.92
28/10/2022,89.2,89.42,89.56,87.92
27/10/2022,89.42,89.06,90.67,88.22
26/10/2022,89.03,85.59,89.28,85.03
25/10/2022,85.72,85.73,86.92,83.94
24/10/2022,85.77,86.31,86.78,83.56
23/10/2022,86.28,86.08,86.56,86.03
21/10/2022,86.16,85.61,86.92,84.16
20/10/2022,85.62,85.84,88.22,85.21
19/10/2022,85.86,84.11,86.11,82.78
18/10/2022,84.19,86.08,86.66,82.42
17/10/2022,86.06,86.38,87.34,84.86
16/10/2022,86.36,85.75,86.42,85.69
14/10/2022,85.81,89.08,89.81,85.48
13/10/2022,89.14,87.36,89.8,85.71
12/10/2022,87.34,88.83,90.22,86.47
11/10/2022,88.81,90.93,91.52,88.09
10/10/2022,90.95,92.86,93.82,90.75
9/10/2022,92.84,93.44,93.44,92.61
7/10/2022,93.54,89.16,93.56,88.25
6/10/2022,89.11,88.28,89.5,87.31
5/10/2022,88.31,86.83,88.7,85.71
4/10/2022,86.84,83.67,87.27,83.66
3/10/2022,83.67,82.35,84.86,81.64
2/10/2022,82.36,81.39,82.44,81.39
30/9/2022,80.03,82,82.86,79.49
29/9/2022,82,82.11,83.31,80.69
28/9/2022,82.09,78.95,82.7,76.95
27/9/2022,78.86,77.06,79.79,76.98
26/9/2022,77.06,79.94,80.7,76.66
25/9/2022,79.94,79.67,79.94,79.35
23/9/2022,79.73,83.94,84.39,78.57
22/9/2022,84.09,83.44,86.47,82.91
21/9/2022,83.36,84.58,87.19,83.01
20/9/2022,84.56,86,86.64,83.53
19/9/2022,86,85.84,86.42,82.28
18/9/2022,85.83,85.41,85.94,85.36
16/9/2022,85.6,84.88,86.77,84.45
15/9/2022,84.84,89.28,89.29,84.56
14/9/2022,89.24,87.81,90.29,86.39
13/9/2022,87.78,88.28,89.53,85.31
12/9/2022,88.28,86.61,89.32,85.41
11/9/2022,86.58,86.47,86.94,86.44
9/9/2022,86.44,83.39,87.53,83.2
8/9/2022,83.31,82.44,84.61,81.56
7/9/2022,82.41,87.22,88.14,81.95
6/9/2022,87.22,89.42,89.92,86.64
5/9/2022,89.41,88.73,90.86,88.45
4/9/2022,88.72,87.39,88.75,87.39
2/9/2022,87.67,87.72,90.22,87.19
1/9/2022,87.81,89.78,90.22,86.59
31/8/2022,89.83,92.75,93.38,88.91
30/8/2022,92.72,97.58,98.38,91.23
29/8/2022,97.53,93.67,98.11,93.56
28/8/2022,93.67,93.69,94.05,93.03
26/8/2022,93.83,93.81,94.83,91.88
25/8/2022,93.77,96.12,96.6,93.14
24/8/2022,96.08,94.55,96.27,93.69
23/8/2022,94.56,91.69,95.11,91.42
22/8/2022,91.72,90.36,91.94,87.17
21/8/2022,90.38,90.52,90.52,90.08
19/8/2022,90.63,91.31,92.69,88.94
18/8/2022,91.38,88.3,92.06,88.08
17/8/2022,88.33,87.62,89.68,86.5
16/8/2022,87.61,88.64,91.14,86.42
15/8/2022,88.84,92.17,92.55,87.39
14/8/2022,92.16,92.39,92.66,92.14
12/8/2022,92.66,94.81,95.59,91.95
11/8/2022,94.78,92.39,95.92,92.09
10/8/2022,92.36,91.38,93.34,88.57
9/8/2022,91.39,91.44,93.61,90.03
8/8/2022,91.38,89.06,91.94,88.3
7/8/2022,89.11,89.46,89.58,88.89
5/8/2022,89.69,89.27,92.01,88.25
4/8/2022,89.25,92.38,93.22,88.89
3/8/2022,92.39,95.33,98.03,91.81
2/8/2022,95.27,95.28,97.97,94.11
1/8/2022,95.25,99.48,100.08,94.01
31/7/2022,99.61,100.12,100.25,99.26
29/7/2022,100.05,99.31,103.84,98.28
28/7/2022,99.28,100,101.83,97.99
27/7/2022,99.98,97.5,100.61,96.3
26/7/2022,97.52,98.32,101.14,96.89
25/7/2022,98.31,97.03,99.09,95.14
24/7/2022,97.05,97.25,97.69,96.86
22/7/2022,97.49,98.59,100.38,96.62
21/7/2022,98.51,102.03,102.27,97.05
20/7/2022,102.08,102.98,103.38,100.77
19/7/2022,102.95,101.56,103.72,99.17
18/7/2022,101.67,96.86,102.4,95.5
17/7/2022,96.89,97.39,97.64,96.84
15/7/2022,97.41,96.53,98.97,94.44
14/7/2022,96.56,96.32,97.44,91.02
13/7/2022,96.34,95.08,98.52,95.06
12/7/2022,94.94,103.88,104.03,94.19
11/7/2022,103.81,105.19,105.78,101.64
10/7/2022,105.16,105.47,105.47,104.48
8/7/2022,105.8,103.86,106.21,102.47
7/7/2022,103.78,99.3,105.51,97.56
6/7/2022,99.25,102.44,103.25,96.18
5/7/2022,102.28,111.61,112.72,98.56
4/7/2022,111.67,109.52,112.11,108.58
3/7/2022,109.5,110.16,110.16,109.47
1/7/2022,109.94,107.77,110.89,106.08
30/6/2022,107.75,111.41,112.11,106.7
29/6/2022,111.39,113.64,115.83,110.96
28/6/2022,113.64,112.14,114.07,111.46
27/6/2022,112.11,108.36,112.4,107.44
26/6/2022,108.33,109.12,109.14,107.69
24/6/2022,109.16,106.42,110.67,105.67
23/6/2022,106.44,106.03,109.18,104.42
22/6/2022,105.97,111.44,111.55,103.69
21/6/2022,111.47,111.28,113.56,111.26
20/6/2022,111.2,111.44,111.61,109.25
19/6/2022,111.42,111.31,111.8,111.06
17/6/2022,111.42,117.39,119.44,109.06
16/6/2022,117.38,117.08,118.62,113.26
15/6/2022,117.14,119.08,119.98,115.35
14/6/2022,118.97,121.08,124.11,117.3
13/6/2022,121.02,119.36,122.75,117.97
12/6/2022,119.34,120.61,120.61,119.2
10/6/2022,121.08,121.98,123.41,119.04
9/6/2022,122,122.92,123.47,121.57
8/6/2022,122.86,120.2,123.97,120.14
7/6/2022,120.27,119.83,121.2,118.12
6/6/2022,119.83,121.17,121.41,118.53
5/6/2022,121.19,121.75,121.81,121.17
3/6/2022,121.43,118.47,121.53,116.3
2/6/2022,118.45,114.42,118.87,112.28
1/6/2022,114.22,116.23,119.03,114.16
31/5/2022,116.2,118.81,121.22,115.36
30/5/2022,118.83,116.86,119.02,116.66
29/5/2022,116.86,116.23,117.06,116.23
27/5/2022,116.45,115.42,116.7,114.3
26/5/2022,115.45,112.16,116.28,111.69
25/5/2022,112.13,111.94,113.14,110.69
24/5/2022,112.06,111.28,112.94,110.11
23/5/2022,111.23,111.86,113.48,110.73
22/5/2022,111.89,111.62,112.01,111.08
20/5/2022,112.04,110.89,112.77,109.83
19/5/2022,110.89,107.31,111.94,104.92
18/5/2022,107.35,112.72,114.25,106.92
17/5/2022,112.83,113.72,115.11,110.84
16/5/2022,113.67,111.42,114.44,108.16
15/5/2022,111.44,110.78,111.58,110.59
13/5/2022,110.3,107.42,110.83,106.52
12/5/2022,107.23,106.09,107.56,102.89
11/5/2022,105.97,99.28,106.67,98.89
10/5/2022,99.08,103.02,104.41,98.47
9/5/2022,103.03,109.5,110.73,102.44
8/5/2022,109.47,110.78,110.78,109.12
6/5/2022,110.95,109.08,111.56,107.66
5/5/2022,109.09,108.56,111.75,106.91
4/5/2022,108.61,103.86,109.02,103.39
3/5/2022,103.86,105.61,106.25,102.55
2/5/2022,105.7,105.14,106.38,100.75
1/5/2022,105.17,104.39,105.61,103.95
29/4/2022,104.78,105.61,108.53,104.33
28/4/2022,105.56,102.42,106.25,100.7
27/4/2022,102.41,102.56,103.58,100.39
26/4/2022,102.58,99.23,103.38,97.66
25/4/2022,99.2,101.17,101.47,95.9
24/4/2022,101.16,102,102.01,100.77
22/4/2022,102.42,104.36,104.92,101.79
21/4/2022,104.34,103.05,106.16,102.78
20/4/2022,103.08,103.89,104.72,100.64
19/4/2022,104,108.2,109.14,102.31
18/4/2022,108.16,108.27,110.03,106.28
17/4/2022,108.28,107.39,108.69,107.39
14/4/2022,106.91,104.14,107.93,102.64
13/4/2022,104.19,101.9,104.94,100.38
12/4/2022,101.91,95.78,102.42,95.36
11/4/2022,95.83,97.31,97.67,93.5
10/4/2022,97.33,98.91,98.91,97.14
8/4/2022,98.6,97.73,99.49,96.06
7/4/2022,97.69,97.89,99.61,94.62
6/4/2022,97.59,101.97,104.91,96.65
5/4/2022,101.94,105.29,106.61,100.86
4/4/2022,105.3,99.38,105.91,99.27
3/4/2022,99.39,100,100.28,99.08
1/4/2022,100.57,102.2,102.61,98.97
31/3/2022,102.19,108.95,109.12,100.98
30/3/2022,108.88,107.66,110.16,105.94
29/3/2022,107.69,105.48,109.29,99.92
28/3/2022,105.47,112.33,112.64,104.39
27/3/2022,112.31,113.75,113.75,111.73
25/3/2022,114.39,113.84,115.93,110.5
24/3/2022,113.83,116.46,118.58,112.52
23/3/2022,116.44,110.44,117.4,110.28
22/3/2022,110.59,113.89,115.38,109.05
21/3/2022,114.2,106.69,114.44,106.69
20/3/2022,106.65,105.56,106.86,105.42
18/3/2022,105.47,103.94,106.77,103.03
17/3/2022,103.92,96.69,104.84,95.64
16/3/2022,96.69,96.31,100.03,94.72
15/3/2022,96.28,101.79,102.06,94
14/3/2022,101.84,107.75,107.79,100.36
13/3/2022,107.76,109.28,109.67,107.14
11/3/2022,110,108.28,111.06,105.28
10/3/2022,108.32,111.61,115.73,106.38
9/3/2022,111.59,126.48,127.91,104.95
8/3/2022,126.47,122.08,130.61,118.31
7/3/2022,122.09,128.12,128.12,116.72
6/3/2022,128.26,122.95,131.75,122.95
4/3/2022,116.37,110.55,117.34,108.53
3/3/2022,110.52,112.25,117.94,107.84
2/3/2022,112.22,107.75,113.89,106.61
1/3/2022,107.77,97.28,108.7,97.28
28/2/2022,97.25,98.14,98.89,95.79
27/2/2022,98.13,96.17,100.38,96.17
25/2/2022,93.41,96.27,97.17,91.53
24/2/2022,96.28,94.34,102.19,93
23/2/2022,94.36,93.31,95.52,92.22
22/2/2022,93.28,94.31,96.62,92.69
21/2/2022,94.31,93.31,95.64,90.75
20/2/2022,93.33,92.91,93.47,92.77
18/2/2022,92.52,91.78,92.91,89.25
17/2/2022,91.8,91.44,93.42,90.95
16/2/2022,91.42,92.56,95.08,90.14
15/2/2022,92.55,94.98,95.33,90.83
14/2/2022,94.97,94.53,95.98,92.3
13/2/2022,94.55,94.08,94.61,93.77
11/2/2022,94.17,90.17,94.89,89.42
10/2/2022,90.17,90.28,92,89.28
9/2/2022,90.28,90.09,90.83,88.69
8/2/2022,90.08,91.69,91.92,88.81
7/2/2022,91.69,92.12,93.03,91.05
6/2/2022,92.14,92.11,92.42,91.67
4/2/2022,92.33,90.5,93.53,90.45
3/2/2022,90.52,88,90.83,87.12
2/2/2022,88.02,88.72,90.11,87.5
1/2/2022,88.73,88.81,89.27,87
31/1/2022,88.8,88.2,88.84,86.81
30/1/2022,88.19,87.94,88.25,87.94
28/1/2022,87.79,87.83,89.31,86.93
27/1/2022,87.86,87.84,89.05,86.7
26/1/2022,87.89,85.84,88.46,85.5
25/1/2022,85.86,84.72,86.23,83.52
24/1/2022,84.7,86.39,86.64,82.44
23/1/2022,86.39,85.52,86.42,85.3
21/1/2022,85.43,84.67,86.16,83.38
20/1/2022,84.67,85.61,87.71,84.59
19/1/2022,85.58,86.75,87.42,85.56
18/1/2022,86.75,84.33,86.94,84.22
17/1/2022,84.33,84.49,84.62,83.58
16/1/2022,84.5,84.5,84.75,84.33
14/1/2022,84.35,82.02,84.49,81.78
13/1/2022,82.03,82.86,83.04,81.61
12/1/2022,82.86,81.42,83.21,81.28
11/1/2022,81.42,78.72,81.72,78.5
10/1/2022,78.7,78.72,79.58,77.98
9/1/2022,78.7,79.03,79.23,78.5
7/1/2022,79.07,79.67,80.64,78.72
6/1/2022,79.69,77.38,80.43,76.92
5/1/2022,77.39,77.23,78.76,76.72
4/1/2022,77.25,76.19,77.84,75.92
3/1/2022,76.17,76.05,76.65,74.5
2/1/2022,76.03,75.83,76.12,75.83
31/12/2021,75.63,76.59,77.33,75.22
30/12/2021,76.61,76.81,77.71,76.06
29/12/2021,76.84,76.41,77.66,75.67
28/12/2021,76.42,76.11,77.22,75.83
27/12/2021,76.14,73.62,76.4,72.88
26/12/2021,73.61,73.69,73.77,73.39
23/12/2021,74.06,73.42,74.31,72.64
22/12/2021,73.42,71.61,73.56,71.22
21/12/2021,71.61,69.58,71.91,68.92
20/12/2021,69.56,69.64,69.89,66.48
19/12/2021,69.61,70.28,70.28,69.2
17/12/2021,70.53,72.09,72.45,70.16
16/12/2021,72.08,71.81,73.17,71.28
15/12/2021,71.83,70.55,71.94,69.64
14/12/2021,70.51,71.48,72.22,69.76
13/12/2021,71.47,72.73,73.22,70.94
12/12/2021,72.72,72.34,72.78,72.28
10/12/2021,72.27,70.86,72.63,70.66
9/12/2021,70.84,72.93,73.67,70.72
8/12/2021,72.94,72.22,73.37,71.28
7/12/2021,72.22,70.14,73.41,70.06
6/12/2021,70.16,67.94,70.56,67.7
5/12/2021,67.95,67.25,68.05,67.25
3/12/2021,66.74,67.83,69.69,66.08
2/12/2021,67.84,66.75,68.45,62.98
1/12/2021,66.77,67.48,70.03,65.38
30/11/2021,67.47,71.44,71.78,64.98
29/11/2021,71.42,72.02,73.56,69.52
28/11/2021,72,70.16,72.31,70.16
26/11/2021,68.89,78.19,78.33,68.08
25/11/2021,78.17,79.19,79.47,78.06
24/11/2021,79.17,79.08,80.06,78.83
23/11/2021,79.08,77.25,79.74,76.14
22/11/2021,77.26,76.44,78.05,76.03
21/11/2021,76.42,76.64,76.64,75.66
19/11/2021,76.63,79.3,80.34,76.09
18/11/2021,79.31,78.55,79.83,77.47
17/11/2021,78.53,80.61,80.61,78.01
16/11/2021,80.61,80.81,81.81,80.09
15/11/2021,80.8,81,81.09,79.42
14/11/2021,81.02,80.92,81.19,80.86
12/11/2021,80.8,81.5,81.73,79.94
11/11/2021,81.5,81.72,82.47,80.39
10/11/2021,81.72,84.84,84.91,81
9/11/2021,84.83,82.25,85.14,82
8/11/2021,82.26,81.75,82.89,81.55
7/11/2021,81.77,81.36,81.97,81.36
5/11/2021,81.44,80.05,82.07,79.25
4/11/2021,80.05,80.67,83.7,78.57
3/11/2021,80.66,83.26,83.31,80.02
2/11/2021,83.28,84.22,84.77,82.89
1/11/2021,84.23,83.36,85.25,83.17
31/10/2021,83.34,83.47,83.59,83.11
29/10/2021,83.67,83.19,84.17,81.84
28/10/2021,83.16,82.66,83.66,81.11
27/10/2021,82.67,84.75,84.97,82.48
26/10/2021,84.7,84.31,85.36,83.47
25/10/2021,84.31,84.58,85.92,83.89
24/10/2021,84.58,84.53,84.78,84.28
22/10/2021,84.56,82.89,84.79,82.33
21/10/2021,82.88,84.2,84.53,81.38
20/10/2021,84.25,83.16,84.36,81.39
19/10/2021,83.12,82.23,83.61,81.7
18/10/2021,82.25,83.03,83.83,81.85
17/10/2021,83,82.64,83.17,82.64
15/10/2021,82.57,81.77,82.67,81.64
14/10/2021,81.78,80.83,81.91,80.48
13/10/2021,80.83,80.4,81.11,79.5
12/10/2021,80.38,80.5,81.69,79.56
11/10/2021,80.48,79.77,82.25,79.72
10/10/2021,79.78,79.7,80.39,79.7
8/10/2021,79.68,78.92,80.22,78.75
7/10/2021,78.94,77.28,79.05,75.09
6/10/2021,77.31,79.14,79.91,76.96
5/10/2021,79.12,77.7,79.61,77.61
4/10/2021,77.69,76,78.51,75.47
3/10/2021,75.97,76.12,76.27,75.88
1/10/2021,75.88,75.45,76.14,74.39
30/9/2021,75.44,74.83,76.24,73.33
29/9/2021,74.86,74.64,75.96,73.92
28/9/2021,74.64,75.59,76.86,74.44
27/9/2021,75.58,75.02,75.94,74.78
26/9/2021,75.03,74.47,75.03,74.38
24/9/2021,74.2,73.52,74.48,73.03
23/9/2021,73.5,72.17,73.72,71.84
22/9/2021,72.19,70.95,72.53,70.88
21/9/2021,70.97,70.89,71.7,69.64
20/9/2021,70.89,71.76,71.89,69.97
19/9/2021,71.75,72.03,72.16,71.61
17/9/2021,72.09,72.61,72.73,71.31
16/9/2021,72.61,72.56,73,71.59
15/9/2021,72.59,70.88,73.16,70.72
14/9/2021,70.84,70.67,71.25,70.04
13/9/2021,70.69,70.17,71.03,69.89
12/9/2021,70.17,69.69,70.22,69.58
10/9/2021,69.75,68.03,70.03,67.78
9/9/2021,68.03,69.31,69.97,67.67
8/9/2021,69.33,68.55,69.84,68.44
7/9/2021,68.53,68.92,69.5,67.75
6/9/2021,68.89,68.86,69.58,68.36
5/9/2021,68.86,69.27,69.36,68.83
3/9/2021,69.25,69.88,70.64,69.23
2/9/2021,69.86,68.33,70.75,67.98
1/9/2021,68.34,68.64,69.38,67.27
31/8/2021,68.64,69.28,69.48,68.33
30/8/2021,69.28,69.52,69.52,67.83
29/8/2021,69.5,69.47,69.77,69.05
27/8/2021,68.89,68,69.22,67.69
26/8/2021,68,68.14,68.47,67.22
25/8/2021,68.17,67.56,68.72,67.12
24/8/2021,67.61,65.72,67.99,65.61
23/8/2021,65.73,62.49,66.18,62.49
22/8/2021,62.51,62.03,62.63,61.98
20/8/2021,62.06,63.84,64.23,62.05
19/8/2021,63.86,64.77,64.77,62.63
18/8/2021,64.7,66.61,67.52,64.38
17/8/2021,66.59,67.61,67.73,66.38
16/8/2021,67.64,68.13,68.18,65.8
15/8/2021,68.12,67.97,68.31,67.88
13/8/2021,68.1,68.92,69.29,67.88
12/8/2021,68.91,69.42,69.7,68.56
11/8/2021,69.39,68.58,69.52,66.77
10/8/2021,68.58,67.08,68.98,66.67
9/8/2021,67.05,67.27,67.34,65.26
8/8/2021,67.3,67.94,67.95,66.81
6/8/2021,68.02,69.17,70.31,67.95
5/8/2021,69.17,68.25,69.49,67.76
4/8/2021,68.25,70.58,70.95,68.01
3/8/2021,70.56,71.58,72.11,69.39
2/8/2021,71.56,73.91,73.94,70.75
1/8/2021,73.92,74.02,74.11,73.91
30/7/2021,73.94,73.53,74.44,73.16
29/7/2021,73.52,72.62,73.89,72.48
28/7/2021,72.64,72.23,72.83,71.94
27/7/2021,72.22,72.31,72.56,71.33
26/7/2021,72.33,72.39,72.55,70.83
23/7/2021,72.45,72,72.46,71.69
22/7/2021,72,70.53,72.31,70.14
21/7/2021,70.53,67.06,70.8,66.78
20/7/2021,67.03,67.17,67.89,65.38
19/7/2021,67.19,71.42,71.44,65.89
18/7/2021,71.42,71.36,71.69,71
16/7/2021,71.52,71.42,72.34,70.47
15/7/2021,71.44,72.88,73,71.38
14/7/2021,72.86,75.11,75.53,72.34
13/7/2021,75.12,74.34,75.59,73.78
12/7/2021,74.33,74.81,74.91,73.28
11/7/2021,74.83,74.97,74.97,74.75
9/7/2021,74.78,73.36,74.92,72.89
8/7/2021,73.39,72.28,73.5,70.94
7/7/2021,72.28,73.75,75.06,71.27
6/7/2021,73.77,76.45,77.17,73.15
5/7/2021,76.44,75.34,76.59,74.97
4/7/2021,75.36,75.42,75.5,75.2
2/7/2021,75.29,75.25,75.81,74.68
1/7/2021,75.28,73.75,76.48,73.66
30/6/2021,73.77,73.72,74.39,73.09
29/6/2021,73.72,73.16,74.08,72.26
28/6/2021,73.17,74.45,74.75,72.92
27/6/2021,74.44,74.33,74.47,74.29
25/6/2021,74.34,73.61,74.51,73.19
24/6/2021,73.59,73.51,73.94,72.67
23/6/2021,73.52,73.2,74.6,73.17
22/6/2021,73.19,73.39,73.83,72.83
21/6/2021,73.41,71.81,73.64,71.16
20/6/2021,71.84,71.5,71.97,71.5
18/6/2021,71.39,70.88,72.16,70.16
17/6/2021,70.91,71.55,72.29,69.77
16/6/2021,71.47,72.4,72.96,71.41
15/6/2021,72.39,71.05,72.49,70.81
14/6/2021,71.03,70.94,71.76,70.72
13/6/2021,70.95,70.78,71.03,70.73
11/6/2021,70.79,70.14,71.22,69.67
10/6/2021,70.17,69.71,70.64,68.69
9/6/2021,69.7,70.03,70.61,69.45
8/6/2021,70,69.11,70.26,68.47
7/6/2021,69.09,69.72,69.98,68.94
6/6/2021,69.7,69.47,69.72,69.42
4/6/2021,69.39,68.77,69.75,68.33
3/6/2021,68.75,68.71,69.38,68.17
2/6/2021,68.72,67.87,68.98,67.77
1/6/2021,67.91,66.94,68.85,66.88
31/5/2021,66.94,66.56,67.39,66.39
30/5/2021,66.56,66.67,66.72,66.52
28/5/2021,66.64,67.31,67.5,66.16
27/5/2021,67.3,66.09,67.44,65.45
26/5/2021,66.11,65.92,66.41,65.23
25/5/2021,65.89,66,66.48,65.39
24/5/2021,66,63.64,66.11,63.64
23/5/2021,63.62,63.77,63.78,63.62
21/5/2021,63.84,62.08,64.04,61.55
20/5/2021,62.09,63.33,63.92,61.66
19/5/2021,63.34,65.17,65.2,61.95
18/5/2021,65.17,66.33,67,64.11
17/5/2021,66.34,65.55,66.42,64.84
16/5/2021,65.53,65.53,65.69,65.42
14/5/2021,65.49,63.81,65.58,63.34
13/5/2021,63.82,65.72,65.78,63.09
12/5/2021,65.69,65.53,66.59,64.95
11/5/2021,65.5,64.94,65.53,63.66
10/5/2021,64.95,65.44,65.72,63.93
9/5/2021,65.44,65.36,65.53,65.16
7/5/2021,64.81,64.86,65.2,63.88
6/5/2021,64.88,65.06,65.94,64.51
5/5/2021,65.09,66.22,66.71,64.89
4/5/2021,66.2,64.58,66.25,64.25
3/5/2021,64.61,63.7,64.69,62.89
2/5/2021,63.7,63.53,63.73,63.51
