Date,SPX_Close,SPX_Open,SPX_High,SPX_Low
1/5/2024,"5,018.39","5,029.03","5,096.12","5,013.45"
30/4/2024,"5,035.69","5,103.78","5,110.83","5,035.31"
29/4/2024,"5,116.17","5,114.13","5,123.49","5,088.65"
26/4/2024,"5,099.96","5,084.65","5,114.62","5,073.14"
25/4/2024,"5,048.42","5,019.88","5,057.75","4,990.58"
24/4/2024,"5,071.63","5,084.86","5,089.48","5,047.02"
23/4/2024,"5,070.55","5,028.85","5,076.12","5,027.96"
22/4/2024,"5,010.60","4,987.33","5,038.84","4,969.40"
19/4/2024,"4,967.23","5,005.44","5,019.02","4,953.56"
18/4/2024,"5,011.12","5,031.52","5,056.66","5,001.89"
17/4/2024,"5,022.21","5,068.97","5,077.96","5,007.25"
16/4/2024,"5,051.41","5,064.59","5,079.84","5,039.83"
15/4/2024,"5,061.82","5,149.67","5,168.43","5,052.47"
12/4/2024,"5,123.40","5,171.50","5,175.00","5,107.90"
11/4/2024,"5,199.10","5,172.90","5,211.80","5,138.80"
10/4/2024,"5,160.60","5,167.90","5,178.40","5,138.70"
9/4/2024,"5,209.90","5,217.00","5,224.80","5,160.80"
8/4/2024,"5,202.40","5,211.40","5,219.60","5,197.40"
5/4/2024,"5,204.30","5,158.90","5,222.20","5,157.20"
4/4/2024,"5,147.20","5,244.10","5,256.60","5,146.10"
3/4/2024,"5,211.50","5,194.40","5,228.80","5,194.40"
2/4/2024,"5,205.80","5,204.30","5,208.30","5,184.10"
1/4/2024,"5,243.80","5,258.00","5,263.90","5,229.20"
28/3/2024,"5,254.40","5,248.00","5,264.90","5,245.80"
27/3/2024,"5,248.50","5,226.30","5,249.30","5,213.90"
26/3/2024,"5,203.60","5,228.90","5,235.20","5,203.40"
25/3/2024,"5,218.20","5,219.50","5,229.10","5,216.10"
22/3/2024,"5,234.20","5,242.50","5,246.10","5,229.90"
21/3/2024,"5,241.50","5,253.40","5,261.10","5,240.70"
20/3/2024,"5,224.60","5,181.70","5,226.20","5,171.60"
19/3/2024,"5,178.50","5,139.10","5,180.30","5,131.60"
18/3/2024,"5,149.40","5,154.80","5,175.60","5,145.50"
15/3/2024,"5,117.10","5,123.30","5,136.90","5,104.40"
14/3/2024,"5,150.50","5,175.10","5,176.90","5,123.30"
13/3/2024,"5,165.30","5,173.50","5,179.10","5,151.90"
12/3/2024,"5,175.30","5,134.30","5,179.90","5,114.50"
11/3/2024,"5,117.90","5,112.00","5,124.70","5,091.10"
8/3/2024,"5,123.70","5,164.50","5,189.30","5,117.50"
7/3/2024,"5,157.40","5,132.40","5,165.60","5,128.20"
6/3/2024,"5,104.80","5,108.00","5,128.00","5,092.20"
5/3/2024,"5,078.60","5,110.50","5,114.50","5,056.80"
4/3/2024,"5,130.90","5,131.00","5,149.70","5,127.20"
1/3/2024,"5,137.10","5,098.50","5,140.30","5,094.20"
29/2/2024,"5,096.30","5,085.40","5,105.00","5,061.90"
28/2/2024,"5,069.80","5,067.20","5,077.40","5,058.40"
27/2/2024,"5,078.20","5,074.60","5,080.70","5,057.30"
26/2/2024,"5,069.50","5,093.00","5,097.70","5,068.90"
23/2/2024,"5,088.80","5,100.90","5,111.10","5,081.50"
22/2/2024,"5,087.00","5,038.80","5,094.40","5,038.80"
21/2/2024,"4,981.80","4,963.00","4,983.20","4,946.00"
20/2/2024,"4,975.50","4,989.30","4,993.70","4,955.00"
16/2/2024,"5,005.60","5,031.10","5,038.70","4,999.50"
15/2/2024,"5,029.70","5,003.10","5,032.70","4,999.40"
14/2/2024,"5,000.60","4,976.40","5,002.50","4,956.40"
13/2/2024,"4,953.20","4,967.90","4,971.30","4,920.30"
12/2/2024,"5,021.80","5,026.80","5,048.40","5,016.80"
9/2/2024,"5,026.60","5,004.20","5,030.10","5,000.30"
8/2/2024,"4,997.90","4,995.20","5,000.40","4,987.10"
7/2/2024,"4,995.10","4,973.10","4,999.90","4,969.10"
6/2/2024,"4,954.20","4,950.20","4,957.80","4,934.90"
5/2/2024,"4,942.80","4,957.20","4,957.20","4,918.10"
2/2/2024,"4,958.60","4,916.10","4,975.30","4,908.00"
1/2/2024,"4,906.20","4,861.10","4,907.00","4,853.50"
31/1/2024,"4,845.60","4,899.20","4,906.80","4,845.10"
30/1/2024,"4,925.00","4,925.90","4,931.10","4,916.30"
29/1/2024,"4,927.90","4,892.90","4,929.30","4,887.40"
26/1/2024,"4,891.00","4,888.90","4,906.70","4,881.50"
25/1/2024,"4,894.20","4,886.70","4,898.10","4,869.30"
24/1/2024,"4,868.60","4,888.60","4,903.70","4,865.90"
23/1/2024,"4,864.60","4,856.80","4,866.50","4,844.40"
22/1/2024,"4,850.40","4,853.40","4,868.40","4,844.10"
19/1/2024,"4,839.80","4,796.30","4,842.10","4,785.90"
18/1/2024,"4,780.90","4,760.10","4,785.80","4,740.60"
17/1/2024,"4,739.20","4,739.10","4,744.20","4,714.80"
16/1/2024,"4,766.00","4,772.40","4,782.30","4,747.10"
12/1/2024,"4,783.80","4,791.20","4,802.40","4,769.00"
11/1/2024,"4,780.20","4,792.10","4,798.50","4,739.60"
10/1/2024,"4,783.40","4,759.90","4,790.80","4,756.20"
9/1/2024,"4,756.50","4,741.90","4,765.50","4,730.40"
8/1/2024,"4,763.50","4,703.70","4,764.50","4,699.80"
5/1/2024,"4,697.20","4,690.60","4,721.50","4,682.10"
4/1/2024,"4,688.70","4,697.40","4,726.80","4,687.50"
3/1/2024,"4,704.80","4,725.10","4,729.30","4,699.70"
2/1/2024,"4,742.80","4,745.20","4,754.30","4,722.70"
29/12/2023,"4,769.80","4,782.90","4,788.40","4,752.00"
28/12/2023,"4,783.40","4,786.40","4,793.30","4,781.00"
27/12/2023,"4,781.60","4,773.40","4,785.40","4,768.90"
26/12/2023,"4,774.80","4,758.90","4,784.70","4,758.40"
22/12/2023,"4,754.60","4,753.90","4,772.90","4,736.80"
21/12/2023,"4,746.80","4,724.30","4,748.70","4,708.40"
20/12/2023,"4,698.40","4,764.70","4,778.00","4,697.80"
19/12/2023,"4,768.40","4,743.70","4,768.70","4,743.70"
18/12/2023,"4,740.60","4,725.60","4,749.50","4,725.60"
15/12/2023,"4,719.20","4,714.20","4,725.50","4,704.70"
14/12/2023,"4,719.60","4,721.00","4,738.60","4,694.30"
13/12/2023,"4,707.10","4,646.20","4,709.70","4,643.20"
12/12/2023,"4,643.70","4,618.30","4,643.90","4,608.10"
11/12/2023,"4,622.40","4,593.40","4,623.70","4,593.40"
8/12/2023,"4,604.40","4,576.20","4,609.20","4,574.10"
7/12/2023,"4,585.60","4,568.80","4,590.90","4,565.20"
6/12/2023,"4,549.30","4,586.20","4,590.70","4,546.50"
5/12/2023,"4,567.20","4,557.20","4,578.60","4,551.70"
4/12/2023,"4,569.80","4,564.40","4,572.40","4,546.70"
1/12/2023,"4,594.60","4,559.40","4,599.40","4,554.70"
30/11/2023,"4,567.80","4,554.90","4,569.90","4,537.20"
29/11/2023,"4,550.60","4,571.80","4,587.60","4,547.10"
28/11/2023,"4,554.90","4,545.60","4,568.10","4,540.50"
27/11/2023,"4,550.40","4,554.90","4,560.50","4,546.30"
24/11/2023,"4,559.30","4,555.80","4,560.30","4,552.80"
22/11/2023,"4,556.60","4,553.00","4,568.40","4,545.10"
21/11/2023,"4,538.20","4,538.80","4,542.10","4,525.50"
20/11/2023,"4,547.40","4,511.70","4,557.10","4,510.40"
17/11/2023,"4,514.00","4,509.60","4,520.10","4,499.70"
16/11/2023,"4,508.20","4,497.10","4,512.00","4,487.80"
15/11/2023,"4,502.90","4,505.30","4,521.20","4,495.30"
14/11/2023,"4,495.70","4,459.00","4,508.70","4,459.00"
13/11/2023,"4,411.60","4,406.70","4,421.80","4,393.80"
10/11/2023,"4,415.20","4,364.10","4,418.00","4,353.30"
9/11/2023,"4,347.40","4,391.40","4,393.40","4,343.90"
8/11/2023,"4,382.80","4,384.40","4,391.20","4,359.80"
7/11/2023,"4,378.40","4,366.20","4,386.30","4,355.40"
6/11/2023,"4,366.00","4,364.30","4,372.20","4,347.50"
3/11/2023,"4,358.30","4,334.20","4,373.60","4,334.20"
2/11/2023,"4,317.80","4,268.30","4,319.70","4,268.30"
1/11/2023,"4,237.90","4,201.30","4,245.60","4,197.70"
31/10/2023,"4,193.80","4,171.30","4,195.60","4,153.10"
30/10/2023,"4,166.80","4,139.40","4,177.50","4,132.90"
27/10/2023,"4,117.40","4,152.90","4,156.70","4,103.80"
26/10/2023,"4,137.20","4,176.00","4,183.60","4,127.90"
25/10/2023,"4,186.80","4,232.40","4,232.40","4,181.40"
24/10/2023,"4,247.70","4,235.80","4,259.40","4,219.40"
23/10/2023,"4,217.00","4,210.40","4,255.80","4,189.20"
20/10/2023,"4,224.20","4,273.90","4,276.60","4,223.00"
19/10/2023,"4,278.00","4,321.40","4,339.50","4,269.70"
18/10/2023,"4,314.60","4,357.40","4,364.20","4,303.80"
17/10/2023,"4,373.20","4,345.20","4,393.60","4,337.50"
16/10/2023,"4,373.60","4,342.40","4,383.30","4,342.40"
13/10/2023,"4,327.80","4,360.50","4,377.10","4,312.00"
12/10/2023,"4,349.60","4,380.90","4,385.90","4,325.40"
11/10/2023,"4,376.90","4,366.60","4,378.60","4,345.30"
10/10/2023,"4,358.20","4,339.80","4,385.50","4,339.60"
9/10/2023,"4,335.70","4,289.00","4,341.70","4,283.80"
6/10/2023,"4,308.50","4,234.80","4,324.10","4,219.60"
5/10/2023,"4,258.20","4,259.30","4,267.10","4,225.90"
4/10/2023,"4,263.80","4,233.80","4,268.50","4,220.50"
3/10/2023,"4,229.40","4,269.80","4,281.10","4,216.40"
2/10/2023,"4,288.40","4,284.50","4,300.60","4,260.20"
29/9/2023,"4,288.10","4,328.20","4,333.10","4,274.90"
28/9/2023,"4,299.70","4,269.60","4,317.30","4,264.40"
27/9/2023,"4,274.50","4,282.60","4,292.10","4,238.60"
26/9/2023,"4,273.50","4,312.90","4,313.00","4,266.00"
25/9/2023,"4,337.40","4,310.60","4,338.50","4,302.70"
22/9/2023,"4,320.10","4,341.70","4,357.40","4,316.50"
21/9/2023,"4,330.00","4,374.40","4,375.70","4,329.20"
20/9/2023,"4,402.20","4,452.80","4,461.00","4,401.40"
19/9/2023,"4,443.90","4,445.40","4,449.90","4,416.60"
18/9/2023,"4,453.50","4,445.10","4,466.40","4,442.10"
15/9/2023,"4,450.30","4,498.00","4,498.00","4,447.20"
14/9/2023,"4,505.10","4,487.80","4,512.00","4,478.70"
13/9/2023,"4,467.40","4,462.60","4,479.40","4,453.50"
12/9/2023,"4,461.90","4,473.30","4,487.10","4,456.80"
11/9/2023,"4,487.50","4,481.00","4,490.80","4,467.90"
8/9/2023,"4,457.50","4,451.30","4,473.50","4,448.40"
7/9/2023,"4,451.10","4,434.60","4,457.80","4,430.50"
6/9/2023,"4,465.50","4,490.40","4,490.40","4,442.40"
5/9/2023,"4,496.80","4,510.10","4,514.30","4,496.00"
1/9/2023,"4,515.80","4,530.60","4,541.20","4,501.40"
31/8/2023,"4,507.70","4,517.00","4,532.30","4,507.40"
30/8/2023,"4,514.90","4,500.30","4,521.60","4,493.60"
29/8/2023,"4,497.60","4,432.80","4,500.10","4,431.70"
28/8/2023,"4,433.30","4,426.00","4,439.60","4,415.00"
25/8/2023,"4,405.70","4,389.40","4,418.50","4,356.30"
24/8/2023,"4,376.30","4,455.20","4,458.30","4,375.60"
23/8/2023,"4,436.00","4,396.40","4,443.20","4,396.40"
22/8/2023,"4,387.60","4,415.30","4,418.60","4,382.80"
21/8/2023,"4,399.80","4,380.30","4,407.60","4,360.30"
18/8/2023,"4,369.70","4,344.90","4,381.80","4,335.30"
17/8/2023,"4,370.40","4,416.30","4,421.20","4,364.80"
16/8/2023,"4,404.30","4,433.80","4,449.90","4,403.60"
15/8/2023,"4,437.90","4,478.90","4,478.90","4,432.20"
14/8/2023,"4,489.70","4,458.10","4,490.30","4,453.40"
11/8/2023,"4,464.10","4,450.70","4,476.20","4,444.00"
10/8/2023,"4,468.80","4,487.20","4,527.40","4,457.90"
9/8/2023,"4,467.70","4,501.60","4,502.40","4,461.30"
8/8/2023,"4,499.40","4,498.00","4,503.30","4,464.40"
7/8/2023,"4,518.40","4,491.60","4,519.80","4,491.10"
4/8/2023,"4,478.00","4,514.00","4,540.30","4,474.60"
3/8/2023,"4,501.90","4,494.30","4,519.50","4,485.50"
2/8/2023,"4,513.40","4,550.90","4,550.90","4,505.80"
1/8/2023,"4,576.70","4,578.80","4,584.60","4,567.50"
31/7/2023,"4,589.00","4,584.80","4,594.20","4,573.10"
28/7/2023,"4,582.20","4,565.80","4,590.20","4,564.00"
27/7/2023,"4,537.40","4,598.30","4,607.10","4,528.60"
26/7/2023,"4,566.80","4,559.00","4,582.50","4,547.60"
25/7/2023,"4,567.50","4,555.20","4,580.60","4,552.40"
24/7/2023,"4,554.60","4,543.40","4,563.40","4,541.30"
21/7/2023,"4,536.30","4,550.20","4,555.00","4,535.80"
20/7/2023,"4,534.90","4,554.40","4,564.70","4,527.60"
19/7/2023,"4,565.70","4,563.90","4,578.40","4,557.50"
18/7/2023,"4,555.00","4,521.80","4,562.30","4,514.60"
17/7/2023,"4,522.80","4,508.90","4,532.90","4,504.90"
14/7/2023,"4,505.40","4,514.60","4,527.80","4,499.60"
13/7/2023,"4,510.00","4,491.50","4,517.40","4,489.40"
12/7/2023,"4,472.20","4,467.70","4,488.30","4,463.20"
11/7/2023,"4,439.30","4,415.60","4,443.60","4,408.50"
10/7/2023,"4,409.50","4,394.20","4,412.60","4,389.90"
7/7/2023,"4,398.90","4,404.50","4,440.40","4,397.40"
6/7/2023,"4,411.60","4,422.60","4,422.60","4,385.10"
5/7/2023,"4,446.80","4,442.00","4,454.10","4,436.60"
3/7/2023,"4,455.60","4,450.50","4,456.50","4,442.30"
30/6/2023,"4,450.40","4,422.40","4,458.50","4,422.40"
29/6/2023,"4,396.40","4,374.90","4,398.40","4,372.00"
28/6/2023,"4,376.90","4,367.50","4,390.40","4,360.20"
27/6/2023,"4,378.40","4,337.40","4,384.40","4,335.00"
26/6/2023,"4,328.80","4,344.80","4,362.10","4,328.10"
23/6/2023,"4,348.30","4,354.20","4,366.60","4,341.30"
22/6/2023,"4,381.90","4,355.40","4,382.20","4,351.80"
21/6/2023,"4,365.70","4,380.00","4,386.20","4,360.10"
20/6/2023,"4,388.70","4,396.10","4,400.10","4,367.20"
16/6/2023,"4,409.60","4,440.90","4,448.50","4,407.40"
15/6/2023,"4,425.80","4,365.30","4,439.20","4,362.60"
14/6/2023,"4,372.60","4,366.30","4,391.80","4,337.90"
13/6/2023,"4,369.00","4,352.60","4,375.40","4,349.30"
12/6/2023,"4,338.90","4,308.30","4,340.10","4,304.40"
9/6/2023,"4,298.90","4,304.90","4,322.60","4,291.70"
8/6/2023,"4,293.90","4,268.70","4,298.00","4,261.10"
7/6/2023,"4,267.50","4,285.50","4,299.20","4,264.00"
6/6/2023,"4,283.90","4,271.30","4,288.30","4,263.10"
5/6/2023,"4,273.80","4,283.00","4,299.30","4,266.80"
2/6/2023,"4,282.40","4,241.00","4,290.70","4,241.00"
1/6/2023,"4,221.00","4,183.00","4,232.40","4,171.60"
31/5/2023,"4,179.80","4,190.70","4,195.40","4,166.10"
30/5/2023,"4,205.50","4,226.70","4,231.10","4,192.20"
26/5/2023,"4,205.40","4,156.20","4,212.90","4,156.20"
25/5/2023,"4,151.30","4,155.70","4,165.70","4,129.70"
24/5/2023,"4,115.20","4,133.00","4,133.00","4,104.00"
23/5/2023,"4,145.60","4,176.80","4,185.70","4,142.50"
22/5/2023,"4,192.60","4,190.80","4,209.20","4,179.70"
19/5/2023,"4,192.00","4,204.10","4,212.90","4,180.20"
18/5/2023,"4,198.10","4,157.70","4,202.20","4,153.50"
17/5/2023,"4,158.80","4,122.90","4,164.70","4,113.60"
16/5/2023,"4,109.90","4,127.90","4,135.50","4,109.90"
15/5/2023,"4,136.30","4,126.60","4,141.20","4,110.30"
12/5/2023,"4,124.10","4,138.50","4,143.70","4,099.10"
11/5/2023,"4,130.60","4,132.20","4,132.80","4,109.30"
10/5/2023,"4,137.60","4,143.70","4,154.30","4,098.90"
9/5/2023,"4,119.20","4,124.20","4,130.40","4,116.60"
8/5/2023,"4,138.10","4,137.00","4,142.30","4,123.80"
5/5/2023,"4,136.20","4,084.70","4,147.00","4,084.70"
4/5/2023,"4,061.20","4,082.60","4,082.60","4,048.30"
3/5/2023,"4,090.80","4,122.20","4,148.30","4,088.90"
2/5/2023,"4,119.60","4,164.10","4,164.10","4,089.70"
1/5/2023,"4,167.90","4,166.80","4,186.90","4,164.10"
28/4/2023,"4,169.50","4,129.60","4,170.10","4,127.20"
27/4/2023,"4,135.40","4,075.30","4,138.20","4,075.30"
26/4/2023,"4,056.00","4,087.80","4,089.70","4,049.30"
25/4/2023,"4,071.60","4,126.40","4,126.40","4,071.40"
24/4/2023,"4,137.00","4,132.10","4,142.40","4,117.80"
21/4/2023,"4,133.50","4,132.10","4,138.00","4,113.90"
20/4/2023,"4,129.80","4,130.50","4,148.60","4,114.60"
19/4/2023,"4,154.50","4,139.30","4,162.60","4,134.50"
18/4/2023,"4,154.90","4,164.30","4,169.50","4,140.40"
17/4/2023,"4,151.30","4,137.20","4,151.70","4,123.20"
14/4/2023,"4,137.60","4,140.10","4,163.20","4,113.20"
13/4/2023,"4,146.20","4,100.00","4,150.30","4,099.40"
12/4/2023,"4,091.90","4,121.70","4,134.40","4,086.90"
11/4/2023,"4,108.90","4,110.30","4,124.30","4,102.60"
10/4/2023,"4,109.10","4,085.20","4,109.50","4,072.60"
6/4/2023,"4,105.00","4,081.20","4,107.30","4,069.80"
5/4/2023,"4,090.40","4,094.50","4,099.70","4,072.60"
4/4/2023,"4,100.60","4,128.00","4,133.10","4,086.90"
3/4/2023,"4,124.50","4,102.20","4,127.70","4,098.80"
31/3/2023,"4,109.30","4,056.20","4,110.80","4,056.20"
30/3/2023,"4,050.80","4,046.70","4,057.80","4,032.10"
29/3/2023,"4,027.80","3,999.50","4,030.60","3,999.50"
28/3/2023,"3,971.30","3,974.10","3,979.20","3,951.50"
27/3/2023,"3,977.50","3,982.90","4,003.80","3,970.50"
24/3/2023,"3,971.00","3,939.20","3,972.70","3,909.20"
23/3/2023,"3,948.70","3,959.20","4,007.70","3,919.10"
22/3/2023,"3,937.00","4,002.00","4,039.50","3,936.20"
21/3/2023,"4,002.90","3,975.90","4,009.10","3,971.20"
20/3/2023,"3,951.60","3,917.50","3,956.60","3,916.90"
17/3/2023,"3,916.60","3,958.70","3,958.90","3,901.30"
16/3/2023,"3,960.30","3,878.90","3,964.50","3,864.10"
15/3/2023,"3,891.90","3,876.70","3,894.30","3,838.20"
14/3/2023,"3,919.30","3,894.00","3,937.30","3,873.60"
13/3/2023,"3,855.80","3,835.10","3,905.10","3,808.90"
10/3/2023,"3,861.60","3,912.80","3,934.10","3,846.30"
9/3/2023,"3,918.30","3,998.70","4,017.80","3,908.70"
8/3/2023,"3,992.00","3,987.60","4,000.40","3,969.80"
7/3/2023,"3,986.40","4,048.30","4,050.00","3,980.30"
6/3/2023,"4,048.40","4,055.20","4,078.50","4,044.60"
3/3/2023,"4,045.60","3,998.00","4,048.30","3,995.20"
2/3/2023,"3,981.30","3,938.70","3,990.80","3,928.20"
1/3/2023,"3,951.40","3,963.30","3,971.70","3,939.10"
28/2/2023,"3,970.20","3,977.20","3,997.50","3,969.00"
27/2/2023,"3,982.20","3,992.40","4,018.10","3,973.60"
24/2/2023,"3,970.00","3,973.20","3,978.20","3,943.10"
23/2/2023,"4,012.30","4,018.60","4,028.30","3,969.20"
22/2/2023,"3,991.10","4,001.80","4,017.40","3,976.90"
21/2/2023,"3,997.30","4,052.30","4,052.30","3,995.20"
17/2/2023,"4,079.10","4,077.40","4,081.50","4,047.90"
16/2/2023,"4,090.40","4,114.80","4,136.50","4,089.50"
15/2/2023,"4,147.60","4,119.50","4,148.10","4,104.00"
14/2/2023,"4,136.10","4,126.70","4,159.80","4,095.00"
13/2/2023,"4,137.30","4,096.60","4,138.90","4,092.70"
10/2/2023,"4,090.50","4,068.90","4,094.40","4,060.80"
9/2/2023,"4,081.50","4,144.20","4,156.20","4,069.70"
8/2/2023,"4,117.90","4,153.50","4,156.90","4,111.70"
7/2/2023,"4,164.00","4,105.40","4,176.50","4,088.40"
6/2/2023,"4,111.10","4,119.60","4,124.60","4,093.40"
3/2/2023,"4,136.50","4,136.70","4,182.40","4,123.40"
2/2/2023,"4,179.80","4,158.70","4,195.40","4,141.90"
1/2/2023,"4,119.20","4,070.10","4,148.90","4,037.20"
31/1/2023,"4,076.60","4,020.80","4,077.20","4,020.40"
30/1/2023,"4,017.80","4,049.30","4,063.80","4,015.60"
27/1/2023,"4,070.60","4,053.70","4,094.20","4,048.70"
26/1/2023,"4,060.40","4,036.10","4,061.60","4,013.30"
25/1/2023,"4,016.20","3,982.70","4,019.60","3,949.10"
24/1/2023,"4,016.90","4,001.70","4,023.90","3,989.80"
23/1/2023,"4,019.80","3,978.10","4,039.30","3,971.60"
20/1/2023,"3,972.60","3,909.00","3,973.00","3,897.90"
19/1/2023,"3,898.80","3,911.80","3,922.90","3,885.50"
18/1/2023,"3,928.90","4,002.20","4,014.20","3,926.60"
17/1/2023,"3,991.00","3,999.30","4,015.40","3,984.60"
13/1/2023,"3,999.10","3,960.60","4,003.90","3,947.70"
12/1/2023,"3,983.20","3,977.60","3,997.80","3,937.60"
11/1/2023,"3,969.60","3,932.30","3,970.10","3,928.50"
10/1/2023,"3,919.20","3,888.60","3,919.80","3,877.30"
9/1/2023,"3,892.10","3,910.80","3,950.60","3,890.40"
6/1/2023,"3,895.10","3,823.40","3,906.20","3,809.60"
5/1/2023,"3,808.10","3,839.70","3,839.70","3,802.40"
4/1/2023,"3,853.00","3,840.40","3,873.20","3,815.80"
3/1/2023,"3,824.10","3,853.30","3,878.50","3,794.30"
30/12/2022,"3,839.50","3,829.10","3,839.80","3,800.30"
29/12/2022,"3,849.30","3,805.40","3,858.20","3,805.40"
28/12/2022,"3,783.20","3,829.60","3,848.30","3,780.80"
27/12/2022,"3,829.20","3,843.30","3,846.70","3,813.20"
23/12/2022,"3,844.80","3,815.10","3,845.80","3,797.00"
22/12/2022,"3,822.40","3,853.30","3,853.30","3,764.50"
21/12/2022,"3,878.40","3,839.50","3,889.80","3,839.50"
20/12/2022,"3,821.60","3,810.50","3,838.20","3,795.60"
19/12/2022,"3,817.70","3,853.80","3,854.90","3,800.00"
16/12/2022,"3,852.40","3,890.90","3,890.90","3,827.90"
15/12/2022,"3,895.80","3,958.40","3,958.40","3,879.40"
14/12/2022,"3,995.30","4,015.50","4,053.80","3,965.70"
13/12/2022,"4,019.70","4,069.40","4,101.00","3,993.00"
12/12/2022,"3,990.60","3,939.30","3,990.70","3,935.30"
9/12/2022,"3,934.40","3,954.20","3,977.00","3,933.00"
8/12/2022,"3,963.50","3,947.80","3,974.20","3,935.80"
7/12/2022,"3,933.90","3,933.30","3,957.60","3,922.70"
6/12/2022,"3,941.30","3,996.60","4,001.50","3,918.40"
5/12/2022,"3,998.80","4,052.00","4,052.40","3,984.50"
2/12/2022,"4,071.70","4,040.20","4,080.50","4,026.60"
1/12/2022,"4,076.60","4,087.10","4,100.50","4,050.90"
30/11/2022,"4,080.10","3,957.20","4,080.10","3,938.60"
29/11/2022,"3,957.60","3,964.20","3,976.80","3,937.70"
28/11/2022,"3,963.90","4,005.40","4,012.30","3,955.80"
25/11/2022,"4,026.10","4,023.30","4,034.00","4,020.80"
23/11/2022,"4,027.30","4,000.30","4,033.80","3,998.70"
22/11/2022,"4,003.60","3,965.50","4,005.90","3,956.90"
21/11/2022,"3,949.90","3,956.20","3,962.00","3,933.30"
18/11/2022,"3,965.30","3,966.40","3,979.90","3,936.00"
17/11/2022,"3,946.60","3,919.30","3,954.30","3,906.50"
16/11/2022,"3,958.80","3,976.80","3,983.10","3,954.30"
15/11/2022,"3,991.70","4,006.40","4,028.80","3,953.20"
14/11/2022,"3,957.20","3,978.00","4,009.00","3,956.40"
11/11/2022,"3,992.90","3,963.70","4,001.50","3,944.80"
10/11/2022,"3,956.40","3,859.90","3,958.30","3,859.90"
9/11/2022,"3,748.60","3,810.90","3,818.20","3,744.20"
8/11/2022,"3,828.10","3,817.00","3,859.40","3,786.30"
7/11/2022,"3,806.80","3,780.70","3,813.90","3,764.70"
4/11/2022,"3,770.60","3,767.00","3,796.30","3,708.80"
3/11/2022,"3,719.90","3,733.20","3,750.60","3,698.20"
2/11/2022,"3,759.70","3,852.90","3,894.40","3,758.70"
1/11/2022,"3,856.10","3,901.80","3,911.80","3,843.80"
31/10/2022,"3,872.00","3,881.80","3,893.70","3,863.20"
28/10/2022,"3,901.10","3,808.30","3,905.40","3,808.30"
27/10/2022,"3,807.30","3,834.70","3,859.90","3,803.80"
26/10/2022,"3,830.60","3,826.00","3,886.20","3,824.10"
25/10/2022,"3,859.10","3,799.40","3,862.80","3,799.40"
24/10/2022,"3,797.30","3,762.00","3,810.70","3,741.70"
21/10/2022,"3,752.80","3,657.10","3,757.90","3,647.40"
20/10/2022,"3,665.80","3,689.10","3,736.00","3,656.40"
19/10/2022,"3,695.20","3,703.10","3,728.60","3,666.50"
18/10/2022,"3,720.00","3,746.30","3,762.80","3,686.50"
17/10/2022,"3,677.90","3,638.70","3,689.70","3,638.70"
14/10/2022,"3,583.10","3,690.40","3,712.00","3,579.70"
13/10/2022,"3,669.90","3,520.40","3,685.40","3,491.60"
12/10/2022,"3,577.00","3,590.80","3,608.30","3,573.90"
11/10/2022,"3,588.80","3,595.90","3,640.70","3,568.40"
10/10/2022,"3,612.40","3,647.50","3,652.20","3,588.10"
7/10/2022,"3,639.70","3,706.70","3,706.70","3,620.70"
6/10/2022,"3,744.50","3,772.00","3,797.90","3,739.20"
5/10/2022,"3,783.30","3,753.20","3,806.90","3,722.70"
4/10/2022,"3,790.90","3,726.50","3,791.90","3,726.50"
3/10/2022,"3,678.40","3,609.80","3,698.30","3,604.90"
30/9/2022,"3,585.60","3,633.50","3,671.40","3,584.10"
29/9/2022,"3,640.50","3,687.00","3,687.00","3,610.40"
28/9/2022,"3,719.00","3,651.90","3,736.70","3,640.60"
27/9/2022,"3,647.30","3,686.40","3,717.50","3,623.30"
26/9/2022,"3,655.00","3,682.70","3,715.70","3,644.80"
23/9/2022,"3,693.20","3,727.10","3,727.10","3,647.50"
22/9/2022,"3,758.00","3,782.40","3,790.90","3,749.40"
21/9/2022,"3,789.90","3,871.40","3,907.10","3,789.50"
20/9/2022,"3,855.90","3,875.20","3,876.00","3,827.50"
19/9/2022,"3,899.90","3,849.90","3,900.40","3,838.50"
16/9/2022,"3,873.30","3,880.90","3,880.90","3,837.10"
15/9/2022,"3,901.30","3,932.40","3,959.10","3,888.30"
14/9/2022,"3,946.00","3,940.70","3,961.90","3,912.20"
13/9/2022,"3,932.70","4,037.10","4,037.10","3,921.30"
12/9/2022,"4,110.40","4,083.70","4,119.30","4,083.70"
9/9/2022,"4,067.40","4,022.90","4,076.80","4,022.90"
8/9/2022,"4,006.20","3,959.90","4,010.50","3,944.80"
7/9/2022,"3,979.90","3,909.40","3,987.90","3,906.00"
6/9/2022,"3,908.20","3,930.90","3,942.60","3,886.80"
2/9/2022,"3,924.30","3,994.70","4,018.40","3,906.20"
1/9/2022,"3,966.80","3,936.70","3,970.20","3,903.70"
31/8/2022,"3,955.00","4,000.70","4,015.40","3,954.50"
30/8/2022,"3,986.20","4,041.20","4,045.00","3,965.20"
29/8/2022,"4,030.60","4,034.60","4,063.00","4,017.40"
26/8/2022,"4,057.70","4,198.70","4,203.00","4,057.70"
25/8/2022,"4,199.10","4,153.30","4,200.50","4,147.60"
24/8/2022,"4,140.80","4,126.60","4,156.60","4,120.00"
23/8/2022,"4,128.70","4,133.10","4,159.80","4,124.00"
22/8/2022,"4,138.00","4,195.10","4,195.10","4,129.90"
19/8/2022,"4,228.50","4,266.30","4,266.30","4,218.70"
18/8/2022,"4,283.70","4,273.10","4,292.50","4,262.00"
17/8/2022,"4,274.00","4,280.40","4,302.20","4,253.10"
16/8/2022,"4,305.20","4,290.50","4,325.30","4,277.80"
15/8/2022,"4,297.10","4,269.40","4,301.80","4,256.90"
12/8/2022,"4,280.10","4,225.00","4,280.50","4,219.80"
11/8/2022,"4,207.30","4,227.40","4,257.90","4,201.40"
10/8/2022,"4,210.20","4,181.00","4,211.00","4,177.30"
9/8/2022,"4,122.50","4,133.10","4,137.30","4,112.10"
8/8/2022,"4,140.10","4,155.90","4,186.60","4,129.00"
5/8/2022,"4,145.20","4,115.90","4,151.60","4,107.30"
4/8/2022,"4,151.90","4,154.90","4,161.30","4,135.40"
3/8/2022,"4,155.20","4,108.00","4,167.70","4,108.00"
2/8/2022,"4,091.20","4,104.20","4,140.50","4,079.80"
1/8/2022,"4,118.60","4,112.40","4,144.90","4,096.00"
29/7/2022,"4,130.30","4,087.30","4,140.10","4,079.20"
28/7/2022,"4,072.40","4,026.10","4,078.90","3,993.00"
27/7/2022,"4,023.60","3,951.40","4,039.60","3,951.40"
26/7/2022,"3,921.10","3,953.20","3,953.20","3,910.70"
25/7/2022,"3,966.80","3,965.70","3,975.30","3,943.50"
22/7/2022,"3,961.60","3,998.40","4,012.40","3,938.90"
21/7/2022,"3,998.90","3,955.50","3,999.30","3,927.60"
20/7/2022,"3,959.90","3,935.30","3,974.10","3,922.00"
19/7/2022,"3,936.70","3,860.70","3,939.80","3,860.70"
18/7/2022,"3,830.80","3,883.80","3,902.40","3,818.60"
15/7/2022,"3,863.20","3,818.00","3,863.60","3,817.20"
14/7/2022,"3,790.40","3,764.00","3,796.40","3,721.60"
13/7/2022,"3,801.80","3,779.70","3,829.40","3,759.10"
12/7/2022,"3,818.80","3,851.90","3,873.40","3,802.40"
11/7/2022,"3,854.40","3,880.90","3,880.90","3,847.20"
8/7/2022,"3,899.40","3,888.30","3,918.50","3,869.30"
7/7/2022,"3,902.60","3,858.80","3,910.60","3,858.80"
6/7/2022,"3,845.10","3,832.00","3,870.90","3,809.40"
5/7/2022,"3,831.40","3,792.60","3,832.20","3,742.10"
1/7/2022,"3,825.30","3,781.00","3,829.80","3,752.10"
30/6/2022,"3,785.40","3,786.00","3,819.00","3,738.70"
29/6/2022,"3,818.80","3,825.10","3,836.50","3,799.00"
28/6/2022,"3,821.60","3,913.00","3,945.90","3,820.10"
27/6/2022,"3,900.10","3,920.80","3,927.70","3,889.70"
24/6/2022,"3,911.70","3,821.80","3,913.70","3,821.80"
23/6/2022,"3,795.70","3,774.70","3,802.60","3,743.50"
22/6/2022,"3,759.90","3,733.90","3,801.80","3,717.70"
21/6/2022,"3,764.80","3,715.30","3,779.70","3,715.30"
17/6/2022,"3,674.80","3,665.90","3,707.70","3,636.90"
16/6/2022,"3,666.80","3,728.20","3,728.20","3,639.80"
15/6/2022,"3,790.00","3,764.10","3,837.60","3,722.30"
14/6/2022,"3,735.50","3,763.50","3,778.20","3,705.70"
13/6/2022,"3,749.60","3,838.20","3,838.20","3,734.30"
10/6/2022,"3,900.90","3,974.40","3,974.40","3,900.20"
9/6/2022,"4,017.80","4,101.60","4,119.10","4,017.20"
8/6/2022,"4,115.80","4,147.10","4,160.10","4,107.20"
7/6/2022,"4,160.70","4,096.50","4,164.90","4,080.20"
6/6/2022,"4,121.40","4,134.70","4,168.80","4,109.20"
3/6/2022,"4,108.50","4,137.60","4,142.70","4,098.70"
2/6/2022,"4,176.80","4,095.40","4,177.50","4,074.40"
1/6/2022,"4,101.20","4,149.80","4,166.50","4,073.80"
31/5/2022,"4,132.10","4,151.10","4,168.30","4,104.90"
27/5/2022,"4,158.20","4,077.40","4,158.50","4,077.40"
26/5/2022,"4,057.80","3,984.60","4,075.10","3,984.60"
25/5/2022,"3,978.70","3,929.60","3,999.30","3,925.00"
24/5/2022,"3,941.50","3,942.90","3,955.70","3,875.10"
23/5/2022,"3,973.80","3,919.40","3,981.90","3,909.00"
20/5/2022,"3,901.40","3,927.80","3,943.40","3,810.30"
19/5/2022,"3,900.80","3,899.00","3,946.00","3,876.60"
18/5/2022,"3,923.70","4,052.00","4,052.00","3,911.90"
17/5/2022,"4,088.80","4,052.00","4,090.70","4,033.90"
16/5/2022,"4,008.00","4,013.00","4,046.50","3,984.00"
13/5/2022,"4,023.90","3,963.90","4,038.90","3,963.90"
12/5/2022,"3,930.10","3,903.90","3,964.80","3,858.90"
11/5/2022,"3,935.20","3,990.10","4,049.10","3,928.80"
10/5/2022,"4,001.10","4,035.20","4,068.80","3,958.20"
9/5/2022,"3,991.20","4,081.30","4,081.30","3,975.50"
6/5/2022,"4,123.30","4,128.20","4,157.70","4,067.90"
5/5/2022,"4,146.90","4,270.40","4,270.40","4,106.00"
4/5/2022,"4,300.20","4,181.20","4,307.70","4,148.90"
3/5/2022,"4,175.50","4,159.80","4,200.10","4,147.10"
2/5/2022,"4,155.40","4,130.60","4,169.80","4,062.50"
29/4/2022,"4,131.90","4,253.80","4,269.70","4,124.30"
28/4/2022,"4,287.50","4,222.60","4,308.40","4,188.60"
27/4/2022,"4,184.00","4,186.50","4,240.70","4,162.90"
26/4/2022,"4,175.20","4,278.10","4,278.10","4,175.00"
25/4/2022,"4,296.10","4,255.30","4,299.00","4,200.80"
22/4/2022,"4,271.80","4,385.80","4,385.80","4,267.60"
21/4/2022,"4,393.70","4,489.20","4,512.90","4,384.50"
20/4/2022,"4,459.40","4,472.30","4,488.30","4,448.80"
19/4/2022,"4,462.20","4,390.60","4,471.00","4,390.60"
18/4/2022,"4,391.70","4,385.60","4,410.30","4,370.30"
14/4/2022,"4,392.60","4,449.10","4,460.50","4,390.80"
13/4/2022,"4,446.60","4,394.30","4,453.90","4,392.70"
12/4/2022,"4,397.40","4,437.60","4,471.00","4,381.30"
11/4/2022,"4,412.50","4,462.60","4,464.40","4,408.40"
8/4/2022,"4,488.30","4,494.10","4,520.40","4,474.60"
7/4/2022,"4,500.20","4,474.60","4,521.20","4,450.30"
6/4/2022,"4,481.10","4,494.20","4,503.90","4,450.00"
5/4/2022,"4,525.10","4,572.40","4,593.40","4,514.20"
4/4/2022,"4,582.60","4,548.00","4,583.50","4,539.20"
1/4/2022,"4,545.90","4,540.30","4,548.70","4,507.60"
31/3/2022,"4,530.40","4,599.00","4,603.10","4,530.40"
30/3/2022,"4,602.40","4,624.20","4,627.80","4,581.30"
29/3/2022,"4,631.60","4,602.90","4,637.30","4,589.70"
28/3/2022,"4,575.50","4,541.10","4,575.60","4,517.70"
25/3/2022,"4,543.10","4,522.90","4,546.00","4,501.10"
24/3/2022,"4,520.20","4,470.00","4,520.60","4,465.20"
23/3/2022,"4,456.20","4,493.10","4,501.10","4,455.80"
22/3/2022,"4,511.60","4,469.10","4,522.00","4,469.10"
21/3/2022,"4,461.20","4,462.40","4,481.80","4,424.30"
18/3/2022,"4,463.10","4,407.30","4,465.40","4,390.60"
17/3/2022,"4,411.70","4,345.10","4,412.70","4,335.60"
16/3/2022,"4,357.90","4,288.10","4,358.90","4,252.00"
15/3/2022,"4,262.40","4,188.80","4,271.10","4,187.90"
14/3/2022,"4,173.10","4,202.80","4,247.60","4,161.70"
11/3/2022,"4,204.30","4,279.50","4,291.00","4,200.50"
10/3/2022,"4,259.50","4,252.60","4,268.30","4,209.80"
9/3/2022,"4,277.90","4,223.10","4,299.40","4,223.10"
8/3/2022,"4,170.70","4,202.70","4,276.90","4,157.90"
7/3/2022,"4,201.10","4,327.00","4,327.00","4,199.90"
4/3/2022,"4,328.90","4,342.10","4,342.10","4,285.00"
3/3/2022,"4,363.50","4,401.30","4,416.80","4,345.60"
2/3/2022,"4,386.50","4,322.60","4,401.50","4,322.60"
1/3/2022,"4,306.30","4,363.10","4,378.40","4,279.50"
28/2/2022,"4,373.90","4,354.20","4,388.80","4,315.10"
25/2/2022,"4,384.60","4,298.40","4,385.30","4,286.80"
24/2/2022,"4,288.70","4,155.80","4,294.70","4,114.60"
23/2/2022,"4,225.50","4,324.90","4,341.50","4,221.50"
22/2/2022,"4,304.80","4,332.70","4,362.10","4,267.10"
18/2/2022,"4,348.90","4,384.60","4,394.60","4,327.20"
17/2/2022,"4,380.30","4,456.10","4,456.10","4,373.80"
16/2/2022,"4,475.00","4,455.80","4,489.60","4,429.70"
15/2/2022,"4,471.10","4,429.30","4,472.80","4,429.30"
14/2/2022,"4,401.70","4,412.60","4,426.20","4,364.80"
11/2/2022,"4,418.60","4,506.30","4,526.30","4,401.40"
10/2/2022,"4,504.10","4,553.20","4,588.90","4,484.30"
9/2/2022,"4,587.20","4,547.00","4,590.00","4,547.00"
8/2/2022,"4,521.50","4,480.00","4,531.30","4,465.40"
7/2/2022,"4,483.90","4,505.80","4,521.90","4,471.50"
4/2/2022,"4,500.50","4,482.80","4,539.70","4,451.50"
3/2/2022,"4,477.40","4,535.40","4,542.90","4,470.40"
2/2/2022,"4,589.40","4,566.40","4,595.30","4,544.30"
1/2/2022,"4,546.50","4,519.60","4,550.50","4,483.50"
31/1/2022,"4,515.60","4,431.80","4,516.90","4,414.00"
28/1/2022,"4,431.90","4,336.20","4,432.70","4,292.50"
27/1/2022,"4,326.50","4,380.60","4,428.70","4,309.50"
26/1/2022,"4,349.90","4,408.40","4,453.20","4,304.80"
25/1/2022,"4,356.40","4,366.60","4,411.00","4,287.10"
24/1/2022,"4,410.10","4,356.30","4,417.40","4,222.60"
21/1/2022,"4,397.90","4,471.40","4,494.50","4,395.30"
20/1/2022,"4,482.70","4,547.40","4,602.10","4,477.90"
19/1/2022,"4,532.80","4,588.00","4,611.60","4,530.20"
18/1/2022,"4,577.10","4,632.20","4,632.20","4,568.70"
14/1/2022,"4,662.90","4,638.00","4,665.10","4,614.80"
13/1/2022,"4,659.00","4,733.60","4,744.10","4,650.30"
12/1/2022,"4,726.40","4,728.60","4,748.80","4,706.70"
11/1/2022,"4,713.10","4,669.10","4,714.10","4,638.30"
10/1/2022,"4,670.30","4,655.30","4,673.00","4,582.20"
7/1/2022,"4,677.00","4,697.70","4,707.90","4,662.70"
6/1/2022,"4,696.10","4,693.40","4,725.00","4,671.30"
5/1/2022,"4,700.60","4,788.00","4,797.70","4,699.40"
4/1/2022,"4,793.50","4,804.50","4,818.60","4,774.30"
3/1/2022,"4,796.60","4,778.10","4,796.60","4,758.20"
31/12/2021,"4,766.20","4,775.20","4,786.80","4,765.80"
30/12/2021,"4,778.70","4,794.20","4,808.90","4,775.30"
29/12/2021,"4,793.10","4,788.60","4,804.10","4,778.10"
28/12/2021,"4,786.40","4,795.50","4,807.00","4,780.00"
27/12/2021,"4,791.20","4,734.00","4,791.50","4,734.00"
23/12/2021,"4,725.80","4,704.00","4,740.70","4,704.00"
22/12/2021,"4,696.60","4,650.40","4,697.70","4,645.50"
21/12/2021,"4,649.20","4,595.00","4,651.10","4,583.20"
20/12/2021,"4,568.00","4,587.90","4,587.90","4,531.10"
17/12/2021,"4,620.60","4,652.50","4,666.70","4,600.20"
16/12/2021,"4,668.70","4,719.10","4,732.00","4,651.90"
15/12/2021,"4,709.90","4,636.50","4,712.60","4,611.20"
14/12/2021,"4,634.10","4,643.00","4,660.50","4,606.50"
13/12/2021,"4,669.00","4,710.30","4,710.30","4,667.60"
10/12/2021,"4,712.00","4,687.60","4,713.60","4,670.20"
9/12/2021,"4,667.40","4,691.00","4,695.30","4,666.00"
8/12/2021,"4,701.20","4,690.90","4,705.10","4,674.50"
7/12/2021,"4,686.80","4,632.00","4,694.00","4,632.00"
6/12/2021,"4,591.70","4,548.40","4,612.60","4,540.50"
3/12/2021,"4,538.40","4,589.50","4,608.00","4,495.10"
2/12/2021,"4,577.10","4,504.70","4,595.50","4,504.70"
1/12/2021,"4,513.00","4,602.80","4,652.90","4,510.30"
30/11/2021,"4,567.00","4,640.20","4,646.00","4,560.00"
29/11/2021,"4,655.30","4,628.80","4,672.90","4,625.30"
26/11/2021,"4,594.60","4,664.60","4,664.60","4,585.40"
24/11/2021,"4,701.50","4,675.80","4,702.90","4,659.90"
23/11/2021,"4,690.70","4,678.50","4,699.40","4,652.70"
22/11/2021,"4,682.90","4,712.00","4,743.80","4,682.20"
19/11/2021,"4,698.00","4,708.40","4,717.80","4,694.20"
18/11/2021,"4,704.50","4,700.70","4,708.80","4,672.80"
17/11/2021,"4,688.70","4,701.50","4,701.50","4,684.40"
16/11/2021,"4,700.90","4,679.40","4,714.90","4,679.40"
15/11/2021,"4,682.80","4,689.30","4,697.40","4,672.90"
12/11/2021,"4,682.90","4,655.20","4,688.50","4,650.80"
11/11/2021,"4,649.30","4,659.40","4,664.60","4,648.30"
10/11/2021,"4,646.70","4,670.30","4,684.90","4,630.90"
9/11/2021,"4,685.20","4,707.20","4,708.50","4,670.90"
8/11/2021,"4,701.70","4,701.50","4,714.90","4,694.40"
5/11/2021,"4,697.50","4,699.30","4,718.50","4,681.30"
4/11/2021,"4,680.10","4,662.90","4,683.00","4,662.60"
3/11/2021,"4,660.60","4,630.60","4,663.50","4,621.20"
2/11/2021,"4,630.60","4,613.30","4,635.10","4,613.30"
1/11/2021,"4,613.70","4,610.60","4,620.30","4,595.10"
29/10/2021,"4,605.40","4,572.90","4,608.10","4,567.60"
28/10/2021,"4,596.40","4,562.80","4,597.60","4,562.80"
27/10/2021,"4,551.70","4,580.20","4,584.60","4,551.70"
26/10/2021,"4,574.80","4,578.70","4,598.50","4,569.20"
25/10/2021,"4,566.50","4,553.70","4,572.60","4,537.40"
22/10/2021,"4,544.90","4,546.10","4,559.70","4,524.00"
21/10/2021,"4,549.80","4,532.20","4,551.40","4,526.90"
20/10/2021,"4,536.20","4,524.40","4,540.90","4,524.40"
19/10/2021,"4,519.60","4,497.30","4,520.40","4,496.40"
18/10/2021,"4,486.50","4,463.70","4,488.80","4,447.50"
15/10/2021,"4,471.40","4,447.70","4,475.80","4,447.70"
14/10/2021,"4,438.30","4,386.80","4,439.70","4,386.80"
13/10/2021,"4,363.80","4,358.00","4,372.90","4,329.90"
12/10/2021,"4,350.60","4,368.30","4,374.90","4,342.10"
11/10/2021,"4,361.20","4,385.40","4,415.90","4,360.60"
8/10/2021,"4,391.30","4,406.50","4,412.00","4,386.20"
7/10/2021,"4,399.80","4,383.70","4,430.00","4,383.70"
6/10/2021,"4,363.60","4,319.60","4,365.60","4,290.50"
5/10/2021,"4,345.70","4,309.90","4,369.20","4,309.90"
4/10/2021,"4,300.50","4,348.80","4,355.50","4,278.90"
1/10/2021,"4,357.00","4,317.20","4,375.20","4,288.50"
30/9/2021,"4,307.50","4,370.70","4,382.60","4,306.20"
29/9/2021,"4,359.50","4,362.40","4,385.60","4,355.10"
28/9/2021,"4,352.60","4,419.50","4,419.50","4,346.30"
27/9/2021,"4,443.10","4,442.10","4,457.30","4,436.20"
24/9/2021,"4,455.50","4,438.00","4,463.10","4,430.30"
23/9/2021,"4,449.00","4,406.80","4,465.40","4,406.80"
22/9/2021,"4,395.60","4,367.40","4,416.80","4,367.40"
21/9/2021,"4,354.20","4,374.40","4,394.90","4,348.00"
20/9/2021,"4,357.70","4,402.90","4,402.90","4,305.90"
17/9/2021,"4,433.00","4,469.70","4,471.50","4,427.80"
16/9/2021,"4,473.80","4,477.10","4,485.90","4,443.80"
15/9/2021,"4,480.70","4,447.50","4,486.90","4,438.40"
14/9/2021,"4,443.10","4,479.30","4,485.70","4,435.50"
13/9/2021,"4,468.70","4,474.80","4,493.00","4,445.70"
10/9/2021,"4,458.60","4,506.90","4,520.50","4,457.70"
9/9/2021,"4,493.30","4,513.00","4,529.90","4,492.10"
8/9/2021,"4,514.10","4,518.10","4,521.80","4,493.90"
7/9/2021,"4,520.00","4,535.40","4,535.40","4,513.00"
3/9/2021,"4,535.40","4,532.40","4,541.40","4,521.30"
2/9/2021,"4,536.90","4,534.50","4,545.90","4,524.70"
1/9/2021,"4,524.10","4,528.80","4,537.10","4,522.00"
31/8/2021,"4,522.70","4,529.80","4,531.40","4,515.80"
30/8/2021,"4,528.80","4,513.80","4,537.40","4,513.80"
27/8/2021,"4,509.40","4,474.10","4,513.30","4,474.10"
26/8/2021,"4,470.00","4,493.80","4,495.90","4,469.00"
25/8/2021,"4,496.20","4,490.40","4,501.70","4,485.70"
24/8/2021,"4,486.20","4,484.40","4,492.80","4,482.30"
23/8/2021,"4,479.50","4,450.30","4,489.90","4,450.30"
20/8/2021,"4,441.70","4,410.60","4,444.40","4,406.80"
19/8/2021,"4,405.80","4,382.40","4,418.60","4,367.70"
18/8/2021,"4,400.30","4,440.90","4,454.30","4,397.60"
17/8/2021,"4,448.10","4,462.10","4,462.10","4,417.80"
16/8/2021,"4,479.70","4,461.60","4,480.30","4,437.70"
13/8/2021,"4,468.00","4,464.80","4,468.40","4,460.80"
12/8/2021,"4,460.80","4,446.10","4,461.80","4,436.00"
11/8/2021,"4,447.70","4,442.20","4,449.40","4,436.40"
10/8/2021,"4,436.80","4,435.80","4,445.20","4,430.00"
9/8/2021,"4,432.40","4,437.80","4,439.40","4,424.70"
6/8/2021,"4,436.50","4,429.10","4,440.80","4,429.10"
5/8/2021,"4,429.10","4,408.90","4,429.80","4,408.90"
4/8/2021,"4,402.70","4,415.90","4,416.20","4,400.20"
3/8/2021,"4,423.10","4,392.70","4,423.80","4,373.00"
2/8/2021,"4,387.20","4,406.90","4,422.20","4,384.80"
30/7/2021,"4,395.30","4,395.10","4,412.20","4,389.60"
29/7/2021,"4,419.10","4,403.60","4,430.00","4,403.60"
28/7/2021,"4,400.60","4,402.90","4,415.50","4,387.00"
27/7/2021,"4,401.50","4,416.40","4,416.40","4,372.50"
26/7/2021,"4,422.30","4,409.60","4,422.70","4,405.40"
23/7/2021,"4,411.80","4,381.20","4,415.20","4,381.20"
22/7/2021,"4,367.50","4,361.30","4,369.90","4,350.10"
21/7/2021,"4,358.70","4,331.10","4,359.70","4,331.10"
20/7/2021,"4,323.10","4,265.10","4,336.80","4,262.10"
19/7/2021,"4,258.50","4,296.40","4,296.40","4,233.10"
16/7/2021,"4,327.20","4,367.40","4,375.10","4,322.50"
15/7/2021,"4,360.00","4,369.00","4,369.00","4,340.70"
14/7/2021,"4,374.30","4,380.10","4,393.70","4,362.40"
13/7/2021,"4,369.20","4,381.10","4,392.40","4,366.90"
12/7/2021,"4,384.60","4,372.40","4,386.70","4,364.00"
9/7/2021,"4,369.60","4,329.40","4,371.60","4,329.40"
8/7/2021,"4,320.80","4,321.10","4,330.90","4,289.40"
7/7/2021,"4,358.10","4,351.00","4,361.90","4,329.80"
6/7/2021,"4,343.50","4,356.50","4,356.50","4,314.40"
2/7/2021,"4,352.30","4,326.60","4,355.40","4,326.60"
1/7/2021,"4,319.90","4,300.70","4,320.70","4,300.70"
30/6/2021,"4,297.50","4,290.60","4,302.40","4,288.00"
29/6/2021,"4,291.80","4,293.20","4,300.50","4,287.00"
28/6/2021,"4,290.60","4,284.90","4,292.10","4,274.70"
25/6/2021,"4,280.70","4,274.40","4,286.10","4,271.20"
24/6/2021,"4,266.50","4,257.00","4,271.30","4,257.00"
23/6/2021,"4,241.80","4,249.30","4,256.60","4,241.40"
22/6/2021,"4,246.40","4,224.60","4,255.80","4,217.30"
21/6/2021,"4,224.80","4,173.40","4,226.20","4,173.40"
18/6/2021,"4,166.40","4,204.80","4,204.80","4,164.40"
17/6/2021,"4,221.90","4,220.40","4,232.30","4,196.10"
16/6/2021,"4,223.70","4,248.90","4,251.90","4,202.40"
15/6/2021,"4,246.60","4,255.30","4,257.20","4,238.40"
14/6/2021,"4,255.10","4,248.30","4,255.60","4,234.10"
11/6/2021,"4,247.40","4,242.90","4,248.40","4,232.20"
10/6/2021,"4,239.20","4,228.60","4,249.70","4,220.30"
9/6/2021,"4,219.60","4,233.00","4,237.10","4,218.70"
8/6/2021,"4,227.30","4,233.80","4,236.70","4,208.40"
7/6/2021,"4,226.50","4,229.30","4,232.30","4,215.70"
4/6/2021,"4,229.90","4,206.10","4,233.40","4,206.10"
3/6/2021,"4,192.90","4,191.40","4,204.40","4,167.90"
2/6/2021,"4,208.10","4,206.80","4,217.40","4,198.30"
1/6/2021,"4,202.00","4,216.50","4,234.10","4,197.60"
28/5/2021,"4,204.10","4,210.80","4,218.40","4,203.60"
27/5/2021,"4,200.90","4,201.90","4,213.40","4,197.80"
26/5/2021,"4,196.00","4,191.60","4,202.60","4,184.10"
25/5/2021,"4,188.10","4,205.90","4,213.40","4,182.50"
24/5/2021,"4,197.10","4,170.20","4,209.50","4,170.20"
21/5/2021,"4,155.90","4,168.60","4,188.70","4,151.70"
20/5/2021,"4,159.10","4,122.00","4,172.80","4,122.00"
19/5/2021,"4,115.70","4,098.40","4,116.90","4,061.40"
18/5/2021,"4,127.80","4,165.90","4,169.10","4,126.00"
17/5/2021,"4,163.30","4,169.90","4,171.90","4,142.70"
14/5/2021,"4,173.90","4,129.60","4,183.10","4,129.60"
13/5/2021,"4,112.50","4,075.00","4,131.60","4,075.00"
12/5/2021,"4,063.00","4,130.60","4,134.70","4,056.90"
11/5/2021,"4,152.10","4,150.30","4,162.00","4,111.50"
10/5/2021,"4,188.40","4,228.30","4,236.40","4,188.10"
7/5/2021,"4,232.60","4,210.30","4,238.00","4,201.60"
6/5/2021,"4,201.60","4,169.10","4,202.70","4,147.30"
5/5/2021,"4,167.60","4,177.10","4,187.70","4,160.90"
4/5/2021,"4,164.70","4,179.00","4,179.00","4,128.60"
3/5/2021,"4,192.70","4,192.00","4,209.40","4,188.00"
